datetime,open,high,low,close
2021-01-01,1.344655,1.344655,1.344655,1.344655
2021-01-03,1.36579,1.36835,1.36558,1.36809
2021-01-04,1.36821,1.38398,1.334765,1.35713
2021-01-05,1.35712,1.36411,1.3375,1.36271
2021-01-06,1.36271,1.36708,1.33656,1.3624
2021-01-07,1.36241,1.36333,1.33442,1.3569
2021-01-08,1.35677,1.36358,1.35395,1.35656
2021-01-10,1.334395,1.35679,1.33435,1.35191
2021-01-11,1.35191,1.3535,1.33192,1.35236
2021-01-12,1.35243,1.367,1.33941,1.36675
2021-01-13,1.36677,1.388085,1.33805,1.36477
2021-01-14,1.36474,1.37093,1.36167,1.36831
2021-01-15,1.36825,1.36981,1.35729,1.35836
2021-01-17,1.35887,1.35986,1.35699,1.35699
2021-01-18,1.35707,1.35897,1.35205,1.35823
2021-01-19,1.35827,1.3647,1.35818,1.36436
2021-01-20,1.36436,1.37165,1.36241,1.36673
2021-01-21,1.36668,1.37458,1.36595,1.37288
2021-01-22,1.37288,1.37359,1.36373,1.3683
2021-01-24,1.36838,1.36912,1.36788,1.36857
2021-01-25,1.36857,1.37233,1.36493,1.36768
2021-01-26,1.36768,1.37443,1.36103,1.37412
2021-01-27,1.37414,1.37589,1.36598,1.36709
2021-01-28,1.36713,1.37457,1.36308,1.37247
2021-01-29,1.37247,1.37513,1.36632,1.37019
2021-01-31,1.37053,1.37077,1.36948,1.36977
2021-02-01,1.36977,1.37579,1.36572,1.36759
2021-02-02,1.36751,1.37104,1.36122,1.36593
2021-02-03,1.36593,1.38643,1.36196,1.36498
2021-02-04,1.36498,1.36976,1.35669,1.36722
2021-02-05,1.36722,1.374,1.36666,1.37359
2021-02-07,1.37282,1.374,1.37255,1.37381
2021-02-08,1.37381,1.37575,1.36822,1.37564
2021-02-09,1.3757,1.38202,1.37489,1.38156
2021-02-10,1.38157,1.38662,1.38027,1.38308
2021-02-11,1.38309,1.3831,1.38016,1.38114
2021-02-12,1.38115,1.38626,1.37759,1.38533
2021-02-14,1.38534,1.3871,1.38508,1.38691
2021-02-15,1.38692,1.39192,1.38658,1.39141
2021-02-16,1.3914,1.39518,1.38694,1.38854
2021-02-17,1.38853,1.39039,1.38297,1.38662
2021-02-18,1.38661,1.39862,1.38399,1.39675
2021-02-19,1.39674,1.40357,1.39516,1.40093
2021-02-21,1.40183,1.40316,1.40067,1.40275
2021-02-22,1.40276,1.40868,1.39808,1.40679
2021-02-23,1.40678,1.41208,1.40546,1.41193
2021-02-24,1.41194,1.42406,1.40824,1.41466
2021-02-25,1.41465,1.4182,1.40005,1.40038
2021-02-26,1.40037,1.40219,1.38883,1.3925
2021-02-28,1.39341,1.39797,1.39309,1.3974
2021-03-01,1.39741,1.39992,1.39042,1.39291
2021-03-02,1.3929,1.3977,1.38592,1.39542
2021-03-03,1.39543,1.40062,1.39209,1.39213
2021-03-04,1.39214,1.40172,1.38805,1.38937
2021-03-05,1.38936,1.39067,1.37792,1.38426
2021-03-07,1.38126,1.38656,1.38126,1.3851
2021-03-08,1.38511,1.38593,1.38004,1.38219
2021-03-09,1.3822,1.39255,1.3802,1.38875
2021-03-10,1.38874,1.39383,1.38457,1.39304
2021-03-11,1.39303,1.39955,1.3919,1.39879
2021-03-12,1.39878,1.4005,1.38636,1.3923
2021-03-14,1.39198,1.39321,1.39178,1.39299
2021-03-15,1.393,1.39498,1.38532,1.38985
2021-03-16,1.38986,1.39063,1.38093,1.39024
2021-03-17,1.39023,1.39763,1.38512,1.39756
2021-03-18,1.39756,1.40017,1.38975,1.39245
2021-03-19,1.39241,1.39594,1.38306,1.38677
2021-03-21,1.38414,1.38496,1.38297,1.38336
2021-03-22,1.38337,1.3877,1.3818,1.38593
2021-03-23,1.38594,1.38625,1.3724,1.37315
2021-03-24,1.37314,1.37429,1.36742,1.36886
2021-03-25,1.36887,1.37485,1.36705,1.37467
2021-03-26,1.3747,1.38127,1.37422,1.37905
2021-03-28,1.37877,1.37989,1.37838,1.37905
2021-03-29,1.37904,1.3847,1.37554,1.37745
2021-03-30,1.37745,1.37835,1.37063,1.37461
2021-03-31,1.3746,1.38122,1.37178,1.37858
2021-04-01,1.37857,1.38379,1.37462,1.38338
2021-04-02,1.38339,1.38526,1.38128,1.38309
2021-04-04,1.382615,1.38322,1.38177,1.38305
2021-04-05,1.38304,1.39155,1.38132,1.39127
2021-04-06,1.39125,1.39188,1.38021,1.38303
2021-04-07,1.38304,1.38401,1.37246,1.37417
2021-04-08,1.37416,1.37826,1.37186,1.37337
2021-04-09,1.37338,1.37508,1.36704,1.3708
2021-04-11,1.37105,1.37156,1.37011,1.37077
2021-04-12,1.37076,1.37769,1.36693,1.37538
2021-04-13,1.37537,1.3769,1.36945,1.37592
2021-04-14,1.37593,1.38087,1.375,1.37781
2021-04-15,1.37779,1.3809,1.37616,1.37836
2021-04-16,1.37835,1.38457,1.37161,1.38358
2021-04-18,1.38345,1.38375,1.38174,1.38177
2021-04-19,1.38178,1.3993,1.38099,1.39916
2021-04-20,1.39917,1.40093,1.39264,1.3938
2021-04-21,1.39381,1.39498,1.38857,1.39313
2021-04-22,1.39312,1.39497,1.38237,1.3839
2021-04-23,1.38389,1.38955,1.38358,1.38784
2021-04-25,1.38759,1.38813,1.38647,1.3865
2021-04-26,1.38651,1.39295,1.38651,1.38949
2021-04-27,1.38948,1.39241,1.38588,1.3903
2021-04-28,1.39031,1.39565,1.38611,1.39544
2021-04-29,1.39545,1.39767,1.39323,1.39503
2021-04-30,1.39504,1.39585,1.38034,1.38172
2021-05-02,1.38148,1.38228,1.38117,1.38188
2021-05-03,1.38189,1.39319,1.3801,1.39032
2021-05-04,1.39031,1.39054,1.38386,1.38875
2021-05-05,1.38876,1.39265,1.38764,1.3909
2021-05-06,1.39089,1.39407,1.38583,1.38956
2021-05-07,1.38955,1.40058,1.38903,1.39961
2021-05-09,1.40055,1.40445,1.39972,1.40406
2021-05-10,1.40404,1.41585,1.40152,1.41308
2021-05-11,1.41309,1.41667,1.41043,1.41356
2021-05-12,1.41355,1.41425,1.40579,1.40624
2021-05-13,1.40625,1.40782,1.40057,1.40463
2021-05-14,1.40464,1.41102,1.40363,1.41009
2021-05-16,1.41006,1.41046,1.40953,1.41011
2021-05-17,1.4101,1.4148,1.40773,1.4148
2021-05-18,1.41478,1.42204,1.41457,1.41875
2021-05-19,1.41876,1.42011,1.40995,1.41073
2021-05-20,1.41072,1.41943,1.41014,1.41848
2021-05-21,1.41849,1.4234,1.41407,1.41534
2021-05-23,1.41584,1.41623,1.41393,1.41402
2021-05-24,1.41403,1.41719,1.41116,1.41554
2021-05-25,1.41553,1.4211,1.41157,1.41428
2021-05-26,1.41429,1.41761,1.41124,1.41154
2021-05-27,1.41152,1.42192,1.40918,1.42033
2021-05-28,1.42032,1.4206,1.41364,1.41872
2021-05-30,1.41858,1.41941,1.41795,1.41796
2021-05-31,1.41795,1.42007,1.4164,1.41836
2021-06-01,1.42425,1.4247,1.41457,1.41556
2021-06-02,1.41557,1.41834,1.41118,1.41712
2021-06-03,1.41711,1.42032,1.40867,1.41081
2021-06-04,1.41082,1.42004,1.40835,1.41584
2021-06-07,1.41417,1.41911,1.41114,1.41757
2021-06-08,1.41758,1.41846,1.41211,1.41493
2021-06-09,1.41492,1.41891,1.41101,1.41113
2021-06-10,1.41112,1.41783,1.40734,1.41705
2021-06-11,1.41706,1.41854,1.40959,1.41108
2021-06-13,1.4108,1.41192,1.41051,1.41176
2021-06-14,1.41177,1.4124,1.40704,1.41097
2021-06-15,1.41098,1.4129,1.40344,1.4081
2021-06-16,1.40809,1.41328,1.39827,1.39892
2021-06-17,1.39891,1.40088,1.3896,1.39381
2021-06-18,1.3938,1.39447,1.37923,1.38031
2021-06-20,1.38101,1.38235,1.37964,1.38166
2021-06-21,1.38167,1.39371,1.37867,1.39245
2021-06-22,1.39244,1.39637,1.38604,1.39495
2021-06-23,1.39494,1.40015,1.3924,1.3967
2021-06-24,1.39669,1.39867,1.38898,1.39163
2021-06-25,1.39162,1.39356,1.38715,1.38857
2021-06-27,1.38938,1.38963,1.38787,1.38933
2021-06-28,1.38934,1.39398,1.3871,1.38787
2021-06-29,1.38786,1.38808,1.38144,1.38404
2021-06-30,1.38403,1.38731,1.37987,1.38286
2021-07-01,1.38287,1.38343,1.37519,1.37592
2021-07-02,1.37591,1.38447,1.37341,1.38299
2021-07-05,1.38235,1.3862,1.38185,1.38534
2021-07-06,1.3853,1.38985,1.37731,1.38042
2021-07-07,1.38043,1.3842,1.3754,1.37998
2021-07-08,1.37999,1.38022,1.37419,1.37899
2021-07-09,1.379,1.39091,1.37558,1.39091
2021-07-11,1.38967,1.39016,1.38888,1.38988
2021-07-12,1.38986,1.39104,1.38391,1.38865
2021-07-13,1.38867,1.39052,1.38832,1.38976
2021-07-14,1.38056,1.38921,1.38016,1.38565
2021-07-15,1.38566,1.38991,1.38051,1.38282
2021-07-16,1.38281,1.38622,1.37609,1.37679
2021-07-18,1.3774,1.37776,1.37575,1.37635
2021-07-19,1.37634,1.37635,1.36548,1.36691
2021-07-20,1.3669,1.36896,1.35721,1.36345
2021-07-21,1.36344,1.37232,1.35922,1.37121
2021-07-22,1.3712,1.37872,1.36906,1.37729
2021-07-23,1.37728,1.37803,1.37202,1.37499
2021-07-25,1.37596,1.37645,1.37506,1.37571
2021-07-26,1.37572,1.38336,1.37372,1.38263
2021-07-27,1.38262,1.38944,1.37669,1.38822
2021-07-28,1.38821,1.3911,1.38448,1.3906
2021-07-29,1.39061,1.39821,1.38983,1.39639
2021-07-30,1.39638,1.39835,1.38883,1.39005
2021-08-01,1.38996,1.39077,1.38938,1.38958
2021-08-02,1.38959,1.39327,1.3876,1.3891
2021-08-03,1.38909,1.3925,1.38872,1.39172
2021-08-04,1.39171,1.39579,1.38856,1.38897
2021-08-05,1.38898,1.39491,1.38725,1.39276
2021-08-06,1.39277,1.39332,1.38614,1.38732
2021-08-08,1.38769,1.38839,1.38584,1.38634
2021-08-09,1.38633,1.38945,1.38412,1.38469
2021-08-10,1.38468,1.38726,1.38363,1.38613
2021-08-11,1.38136,1.38881,1.38123,1.38665
2021-08-12,1.38664,1.38787,1.3795,1.38111
2021-08-13,1.38112,1.38751,1.37909,1.38693
2021-08-15,1.3865,1.38736,1.38569,1.38642
2021-08-16,1.38642,1.38786,1.3828,1.38409
2021-08-17,1.38408,1.38411,1.37263,1.37402
2021-08-18,1.37401,1.37866,1.37316,1.37432
2021-08-19,1.37433,1.375,1.36282,1.36303
2021-08-20,1.36308,1.36412,1.36023,1.36255
2021-08-22,1.36226,1.36313,1.36144,1.36247
2021-08-23,1.36248,1.37323,1.36246,1.37236
2021-08-24,1.37233,1.3748,1.3694,1.37249
2021-08-25,1.3725,1.3767,1.36968,1.37645
2021-08-26,1.37644,1.37681,1.36896,1.37004
2021-08-27,1.37003,1.37803,1.36801,1.3763
2021-08-29,1.3761,1.37662,1.37526,1.37628
2021-08-30,1.37627,1.37754,1.3734,1.3759
2021-08-31,1.37589,1.38079,1.3743,1.37524
2021-09-01,1.37525,1.37985,1.37314,1.37714
2021-09-02,1.37715,1.38399,1.37675,1.38364
2021-09-03,1.38365,1.38919,1.38182,1.38677
2021-09-05,1.38636,1.3869,1.38574,1.38578
2021-09-06,1.38579,1.38598,1.38188,1.38388
2021-09-07,1.38391,1.38567,1.3768,1.37793
2021-09-08,1.37792,1.37906,1.37267,1.3767
2021-09-09,1.37669,1.38629,1.37537,1.38385
2021-09-10,1.38386,1.38887,1.38271,1.38409
2021-09-12,1.38418,1.38528,1.38332,1.3839
2021-09-13,1.38391,1.38513,1.37973,1.38376
2021-09-14,1.38377,1.39132,1.38037,1.3808
2021-09-15,1.38081,1.3854,1.37929,1.38485
2021-09-16,1.38484,1.38497,1.37647,1.3798
2021-09-17,1.37979,1.3813,1.37279,1.3737
2021-09-19,1.37401,1.37523,1.37245,1.37289
2021-09-20,1.37287,1.37303,1.36409,1.36622
2021-09-21,1.36623,1.36931,1.36415,1.36576
2021-09-22,1.36575,1.36897,1.36096,1.36163
2021-09-23,1.36166,1.37509,1.36124,1.37211
2021-09-24,1.3721,1.37365,1.36581,1.36774
2021-09-26,1.36661,1.36759,1.36624,1.36686
2021-09-27,1.36687,1.37291,1.36583,1.37009
2021-09-28,1.37008,1.37176,1.35209,1.35417
2021-09-29,1.35416,1.35548,1.34125,1.34273
2021-09-30,1.34274,1.35163,1.34158,1.34688
2021-10-01,1.34687,1.35759,1.34339,1.35455
2021-10-03,1.35547,1.35758,1.35451,1.35702
2021-10-04,1.35701,1.36406,1.3532,1.36068
2021-10-05,1.36069,1.3648,1.35846,1.36264
2021-10-06,1.36263,1.36314,1.35441,1.35923
2021-10-07,1.35922,1.36388,1.35707,1.36195
2021-10-08,1.36192,1.36589,1.35836,1.36147
2021-10-10,1.36199,1.36273,1.36122,1.36161
2021-10-11,1.36163,1.3674,1.35846,1.35912
2021-10-12,1.35915,1.36374,1.35688,1.3577
2021-10-13,1.35769,1.36693,1.3576,1.36685
2021-10-14,1.36686,1.37345,1.36585,1.36683
2021-10-15,1.36684,1.37732,1.36683,1.37498
2021-10-17,1.37512,1.37653,1.37449,1.37608
2021-10-18,1.37609,1.37638,1.37092,1.37358
2021-10-19,1.37359,1.38339,1.37359,1.37925
2021-10-20,1.37926,1.38347,1.37425,1.38221
2021-10-21,1.38222,1.38333,1.37764,1.37915
2021-10-22,1.37914,1.38154,1.37362,1.37552
2021-10-24,1.37509,1.37651,1.37495,1.37622
2021-10-25,1.37629,1.37922,1.3742,1.37638
2021-10-26,1.37641,1.38298,1.3757,1.37657
2021-10-27,1.37656,1.37811,1.37097,1.3732
2021-10-28,1.3732,1.38151,1.37224,1.37988
2021-10-29,1.37989,1.38041,1.36684,1.3676
2021-10-31,1.368445,1.36897,1.36809,1.36828
2021-11-01,1.36829,1.36933,1.36422,1.36547
2021-11-02,1.36548,1.36678,1.36058,1.36164
2021-11-03,1.36182,1.36985,1.36075,1.36941
2021-11-04,1.3694,1.36944,1.34712,1.3508
2021-11-05,1.35079,1.3509,1.34245,1.34977
2021-11-07,1.34936,1.34984,1.34861,1.34907
2021-11-08,1.34906,1.358,1.34503,1.35639
2021-11-09,1.35638,1.35649,1.35485,1.35506
2021-11-10,1.35521,1.35651,1.34015,1.34122
2021-11-11,1.34121,1.34333,1.33588,1.3365
2021-11-12,1.33649,1.34263,1.33535,1.34193
2021-11-14,1.34157,1.34206,1.34115,1.34163
2021-11-15,1.34164,1.34496,1.34033,1.34102
2021-11-16,1.34103,1.3473,1.34103,1.34253
2021-11-17,1.34254,1.34963,1.33967,1.34886
2021-11-18,1.34889,1.35136,1.34641,1.3499
2021-11-19,1.34982,1.35099,1.34077,1.3452
2021-11-21,1.34562,1.34589,1.34304,1.34332
2021-11-22,1.34331,1.345,1.33845,1.33976
2021-11-23,1.33979,1.34094,1.33425,1.33753
2021-11-24,1.33752,1.33901,1.33159,1.33299
2021-11-25,1.33301,1.33537,1.33057,1.33126
2021-11-26,1.33125,1.3364,1.32789,1.33383
2021-11-28,1.33356,1.33415,1.33286,1.33406
2021-11-29,1.33405,1.33631,1.32877,1.33144
2021-11-30,1.33143,1.33707,1.31967,1.32955
2021-12-01,1.32956,1.33519,1.32618,1.32777
2021-12-02,1.32776,1.33339,1.32718,1.32997
2021-12-03,1.33,1.33097,1.32097,1.32392
2021-12-05,1.32412,1.32506,1.32335,1.32356
2021-12-06,1.32352,1.32861,1.32227,1.32625
2021-12-07,1.32626,1.32895,1.32092,1.32455
2021-12-08,1.32457,1.32615,1.31611,1.32091
2021-12-09,1.3209,1.32247,1.31709,1.32244
2021-12-10,1.32243,1.32758,1.31874,1.32728
2021-12-12,1.32577,1.32617,1.32545,1.32574
2021-12-13,1.32573,1.3269,1.32076,1.32133
2021-12-14,1.32134,1.32569,1.31913,1.32299
2021-12-15,1.323,1.32829,1.31723,1.32624
2021-12-16,1.32623,1.33746,1.32416,1.33229
2021-12-17,1.3323,1.33397,1.32317,1.32437
2021-12-19,1.32401,1.32461,1.32225,1.32291
2021-12-20,1.32292,1.32448,1.31736,1.32095
2021-12-21,1.32096,1.32711,1.31977,1.32685
2021-12-22,1.32684,1.33635,1.32405,1.33509
2021-12-23,1.33508,1.34381,1.3343,1.34064
2021-12-24,1.34062,1.34195,1.33878,1.33937
2021-12-26,1.33932,1.34094,1.33918,1.34028
2021-12-27,1.34026,1.34454,1.33918,1.34417
2021-12-28,1.34419,1.34618,1.34152,1.34335
2021-12-29,1.34334,1.34998,1.34091,1.34971
2021-12-30,1.3497,1.3522,1.34545,1.34977
2021-12-31,1.34976,1.35502,1.34658,1.35303
2022-01-02,1.35288,1.35348,1.35207,1.35218
2022-01-03,1.35217,1.35298,1.34311,1.34826
2022-01-04,1.34825,1.35576,1.34596,1.35304
2022-01-05,1.35302,1.35987,1.35228,1.3555
2022-01-06,1.35549,1.35593,1.34905,1.3533
2022-01-07,1.35331,1.35977,1.35275,1.35889
2022-01-09,1.35826,1.3594,1.35794,1.35917
2022-01-10,1.35918,1.36038,1.35321,1.357985
2022-01-11,1.35799,1.363675,1.35617,1.36329
2022-01-12,1.363285,1.371475,1.36211,1.37063
2022-01-13,1.370625,1.374885,1.370105,1.371345
2022-01-14,1.37134,1.374315,1.36535,1.36756
2022-01-16,1.36761,1.36807,1.36659,1.36731
2022-01-17,1.36731,1.368995,1.36375,1.36476
2022-01-18,1.364765,1.36616,1.357315,1.35997
2022-01-19,1.35998,1.36492,1.358815,1.3609
2022-01-20,1.360995,1.3662,1.35871,1.359695
2022-01-21,1.3597,1.36023,1.354575,1.355315
2022-01-23,1.355285,1.355555,1.354675,1.35552
2022-01-24,1.355525,1.35656,1.34405,1.34885
2022-01-25,1.348845,1.351895,1.343645,1.35098
2022-01-26,1.350985,1.352495,1.34447,1.34675
2022-01-27,1.346745,1.346745,1.33581,1.338755
2022-01-28,1.33876,1.3433,1.33653,1.340045
2022-01-30,1.33971,1.340505,1.338695,1.34027
2022-01-31,1.340275,1.346065,1.339325,1.344485
2022-02-01,1.34449,1.352825,1.343475,1.352485
2022-02-02,1.35248,1.358765,1.351695,1.356435
2022-02-03,1.356425,1.3628,1.35383,1.35981
2022-02-04,1.35977,1.3615,1.35051,1.353335
2022-02-06,1.353785,1.354835,1.35305,1.353305
2022-02-07,1.35331,1.355095,1.349055,1.35371
2022-02-08,1.353715,1.356415,1.35079,1.3547
2022-02-09,1.354715,1.358935,1.352695,1.35327
2022-02-10,1.353275,1.364385,1.35235,1.35493
2022-02-11,1.354925,1.360975,1.351435,1.355725
2022-02-13,1.35542,1.35718,1.355265,1.35692
2022-02-14,1.356915,1.357215,1.34952,1.35324
2022-02-15,1.353245,1.356715,1.348665,1.354065
2022-02-16,1.35407,1.36013,1.353885,1.358175
2022-02-17,1.35817,1.36381,1.35558,1.361495
2022-02-18,1.36147,1.36429,1.357325,1.35884
2022-02-20,1.35922,1.359855,1.35879,1.359145
2022-02-21,1.359155,1.363865,1.3582,1.35951
2022-02-22,1.359515,1.36049,1.353855,1.35886
2022-02-23,1.35891,1.362075,1.3536,1.35451
2022-02-24,1.354505,1.354695,1.3273,1.33716
2022-02-25,1.337165,1.343885,1.336675,1.34099
2022-02-27,1.333705,1.33748,1.33287,1.33722
2022-02-28,1.337215,1.34318,1.33416,1.34221
2022-03-01,1.342205,1.34375,1.33024,1.33356
2022-03-02,1.33355,1.340785,1.32717,1.33966
2022-03-03,1.33966,1.3418,1.331765,1.335055
2022-03-04,1.335035,1.335235,1.32025,1.32302
2022-03-06,1.32269,1.32441,1.320205,1.321175
2022-03-07,1.32117,1.322865,1.310205,1.31135
2022-03-08,1.311355,1.314475,1.30823,1.309875
2022-03-09,1.30987,1.31901,1.30986,1.31849
2022-03-10,1.3185,1.31948,1.30818,1.31027
2022-03-11,1.31027,1.312515,1.30276,1.303535
2022-03-13,1.304305,1.30527,1.303245,1.30497
2022-03-14,1.304975,1.307935,1.300125,1.301005
2022-03-15,1.301,1.308885,1.30006,1.304425
2022-03-16,1.30443,1.31567,1.3036,1.314025
2022-03-17,1.31402,1.32112,1.30878,1.315895
2022-03-18,1.31589,1.3197,1.31222,1.31783
2022-03-20,1.31787,1.31797,1.315915,1.315975
2022-03-21,1.31597,1.32101,1.312705,1.31694
2022-03-22,1.316935,1.327205,1.31552,1.32661
2022-03-23,1.326615,1.32987,1.31754,1.320555
2022-03-24,1.32056,1.32143,1.31572,1.31944
2022-03-25,1.319435,1.322505,1.31594,1.31815
2022-03-27,1.318205,1.318685,1.31689,1.31733
2022-03-28,1.317325,1.317685,1.30669,1.309945
2022-03-29,1.30994,1.31061,1.30785,1.30932
2022-03-30,1.30931,1.31827,1.30888,1.313755
2022-03-31,1.31375,1.31758,1.31064,1.314565
2022-04-01,1.31457,1.31468,1.30865,1.311475
2022-04-03,1.31061,1.31122,1.30995,1.310465
2022-04-04,1.31047,1.31372,1.30933,1.31129
2022-04-05,1.311285,1.316705,1.306705,1.307695
2022-04-06,1.30769,1.310835,1.30458,1.306945
2022-04-07,1.306935,1.31068,1.3052,1.30691
2022-04-08,1.306905,1.30774,1.29822,1.303665
2022-04-10,1.303125,1.303975,1.302485,1.30302
2022-04-11,1.303015,1.305695,1.298925,1.30229
2022-04-12,1.302295,1.305405,1.299395,1.300185
2022-04-13,1.30019,1.31234,1.2973,1.31189
2022-04-14,1.311885,1.314755,1.30336,1.307575
2022-04-15,1.305355,1.30753,1.305125,1.306155
2022-04-17,1.305475,1.306475,1.30502,1.305715
2022-04-18,1.30571,1.30578,1.300145,1.30078
2022-04-19,1.300785,1.3041,1.298075,1.30141
2022-04-20,1.30141,1.30741,1.29966,1.306845
2022-04-21,1.306795,1.30905,1.302255,1.30248
2022-04-22,1.302485,1.303315,1.2823,1.28381
2022-04-24,1.28388,1.28428,1.28264,1.282845
2022-04-25,1.28284,1.282995,1.26976,1.273795
2022-04-26,1.27379,1.277245,1.25603,1.25817
2022-04-27,1.258175,1.260205,1.250275,1.253995
2022-04-28,1.25399,1.257005,1.24115,1.24651
2022-04-29,1.24652,1.261475,1.24652,1.25761
2022-05-01,1.258375,1.258905,1.256975,1.257055
2022-05-02,1.25706,1.259735,1.2473,1.24997
2022-05-03,1.249965,1.256745,1.247065,1.24987
2022-05-04,1.249865,1.263815,1.245195,1.26166
2022-05-05,1.261665,1.26333,1.23251,1.23627
2022-05-06,1.236265,1.23805,1.22764,1.23385
2022-05-08,1.23395,1.234765,1.23246,1.23259
2022-05-09,1.232585,1.24063,1.22611,1.23361
2022-05-10,1.233645,1.237585,1.22918,1.230745
2022-05-11,1.23074,1.240055,1.22322,1.22337
2022-05-12,1.22335,1.22487,1.21654,1.22046
2022-05-13,1.22045,1.22626,1.21557,1.22618
2022-05-16,1.22608,1.23298,1.22174,1.23257
2022-05-17,1.23258,1.24991,1.23209,1.24872
2022-05-18,1.24874,1.250125,1.233,1.23445
2022-05-19,1.23444,1.252475,1.23383,1.24631
2022-05-20,1.246315,1.24972,1.24375,1.24937
2022-05-22,1.24831,1.251005,1.24764,1.25036
2022-05-23,1.250355,1.26013,1.25001,1.25672
2022-05-24,1.25663,1.25988,1.24718,1.25417
2022-05-25,1.25417,1.25947,1.24813,1.258615
2022-05-26,1.25862,1.26211,1.255205,1.2617
2022-05-27,1.26169,1.26169,1.26169,1.26169
2022-05-29,1.26245,1.263655,1.262285,1.26246
2022-05-30,1.262475,1.266,1.26164,1.26458
2022-05-31,1.26459,1.26487,1.25606,1.26097
2022-06-01,1.26098,1.26168,1.24588,1.248395
2022-06-02,1.2484,1.25867,1.246965,1.25785
2022-06-03,1.25784,1.259,1.24858,1.248945
2022-06-05,1.24902,1.250285,1.248735,1.24904
2022-06-06,1.24905,1.25777,1.24769,1.25236
2022-06-07,1.25235,1.25995,1.24306,1.25877
2022-06-08,1.258775,1.25894,1.25155,1.25406
2022-06-09,1.254055,1.25587,1.24865,1.24927
2022-06-10,1.249275,1.25178,1.230125,1.23167
2022-06-12,1.23194,1.23257,1.22723,1.22771
2022-06-13,1.227705,1.23008,1.21075,1.21427
2022-06-14,1.214265,1.22085,1.19339,1.201115
2022-06-15,1.20112,1.22051,1.198965,1.21749
2022-06-16,1.21748,1.24068,1.20414,1.235055
2022-06-17,1.235055,1.235055,1.21729,1.222135
2022-06-19,1.222455,1.22317,1.22084,1.2228
2022-06-20,1.22279,1.228065,1.219955,1.22483
2022-06-21,1.22482,1.232475,1.2245,1.22641
2022-06-22,1.226415,1.23148,1.21613,1.22525
2022-06-23,1.225245,1.22947,1.21701,1.22601
2022-06-24,1.226015,1.23208,1.22412,1.22756
2022-06-26,1.22683,1.22969,1.22664,1.22827
2022-06-27,1.22826,1.233255,1.226145,1.226655
2022-06-28,1.22665,1.22917,1.21753,1.218795
2022-06-29,1.21879,1.22135,1.210575,1.21291
2022-06-30,1.21292,1.21887,1.20922,1.21606
2022-07-01,1.216055,1.21617,1.19757,1.210155
2022-07-03,1.21025,1.21235,1.20981,1.210035
2022-07-04,1.21003,1.21654,1.20851,1.21137
2022-07-05,1.21134,1.21255,1.18988,1.19515
2022-07-06,1.195145,1.198965,1.18762,1.19224
2022-07-07,1.192235,1.203395,1.19093,1.2029
2022-07-08,1.20291,1.205615,1.19198,1.20338
2022-07-11,1.20104,1.20124,1.18667,1.18994
2022-07-12,1.18993,1.19161,1.18074,1.18776
2022-07-13,1.187755,1.19676,1.18277,1.18639
2022-07-14,1.186405,1.188455,1.176005,1.184085
2022-07-15,1.18408,1.187485,1.18045,1.18691
2022-07-17,1.18687,1.18908,1.186285,1.189
2022-07-18,1.189,1.203375,1.18746,1.194905
2022-07-19,1.1949,1.204555,1.19252,1.20026
2022-07-20,1.200255,1.20377,1.19538,1.196815
2022-07-21,1.19681,1.200545,1.18904,1.199565
2022-07-22,1.199555,1.20642,1.19168,1.20073
2022-07-24,1.199165,1.19919,1.198535,1.19856
2022-07-25,1.198565,1.20867,1.196065,1.20539
2022-07-26,1.2054,1.20904,1.196415,1.20357
2022-07-27,1.203545,1.21863,1.20207,1.21623
2022-07-28,1.216235,1.21917,1.21036,1.21731
2022-07-29,1.217315,1.22458,1.20632,1.218105
2022-07-31,1.21726,1.217945,1.215705,1.2168
2022-08-01,1.216805,1.229355,1.21631,1.22574
2022-08-02,1.22576,1.22794,1.21409,1.21436
2022-08-03,1.214405,1.22078,1.21002,1.21387
2022-08-04,1.21417,1.221705,1.20659,1.21586
2022-08-05,1.215865,1.21693,1.20037,1.20716
2022-08-07,1.206905,1.20718,1.205745,1.20611
2022-08-08,1.206115,1.21377,1.204775,1.20855
2022-08-09,1.208545,1.21304,1.20634,1.207165
2022-08-10,1.20716,1.2277,1.20652,1.221045
2022-08-11,1.22104,1.22496,1.218255,1.219485
2022-08-12,1.21948,1.221645,1.20999,1.21375
2022-08-14,1.2136,1.21396,1.21266,1.212725
2022-08-15,1.21273,1.21484,1.20504,1.20565
2022-08-16,1.20564,1.21182,1.2008,1.209475
2022-08-17,1.20948,1.214375,1.202825,1.20456
2022-08-18,1.20457,1.20798,1.1923,1.19308
2022-08-19,1.19309,1.19335,1.17921,1.183035
2022-08-21,1.182325,1.18341,1.181145,1.1819
2022-08-22,1.18191,1.18369,1.174235,1.17656
2022-08-23,1.17657,1.1878,1.17176,1.183005
2022-08-24,1.18301,1.18358,1.175585,1.179075
2022-08-25,1.17907,1.18644,1.1784,1.18232
2022-08-26,1.182315,1.19011,1.17337,1.17403
2022-08-28,1.16925,1.169255,1.168835,1.1689
2022-08-29,1.16907,1.1744,1.16484,1.17218
2022-08-30,1.17216,1.17605,1.16219,1.16586
2022-08-31,1.16587,1.169395,1.15941,1.15973
2022-09-01,1.159735,1.16168,1.14994,1.15474
2022-09-02,1.154735,1.158885,1.14962,1.15145
2022-09-05,1.14789,1.1567,1.144405,1.15646
2022-09-06,1.156455,1.16095,1.149465,1.15106
2022-09-07,1.151065,1.15413,1.14054,1.152235
2022-09-08,1.15224,1.15609,1.14606,1.15204
2022-09-09,1.152035,1.164845,1.15158,1.15878
2022-09-11,1.1627,1.163905,1.16025,1.16202
2022-09-12,1.162015,1.171075,1.16008,1.16892
2022-09-13,1.168925,1.17384,1.14821,1.15026
2022-09-14,1.150255,1.158985,1.148035,1.154465
2022-09-15,1.15447,1.1548,1.14513,1.1452
2022-09-16,1.145205,1.14807,1.13507,1.142385
2022-09-18,1.14181,1.14412,1.14122,1.14343
2022-09-19,1.14342,1.14459,1.13555,1.144485
2022-09-20,1.14448,1.1461,1.13575,1.13806
2022-09-21,1.138055,1.13847,1.123665,1.125735
2022-09-22,1.12582,1.136465,1.121185,1.12627
2022-09-23,1.12626,1.127415,1.08395,1.085105
2022-09-25,1.081385,1.084625,1.07804,1.079335
2022-09-26,1.07933,1.09311,1.03437,1.076635
2022-09-27,1.076685,1.083815,1.06594,1.07262
2022-09-28,1.07263,1.09158,1.054,1.08313
2022-09-29,1.08313,1.12042,1.07624,1.11717
2022-09-30,1.11718,1.12345,1.10255,1.11628
2022-10-02,1.11708,1.11949,1.11283,1.11358
2022-10-03,1.11359,1.13417,1.10861,1.13383
2022-10-04,1.13384,1.14894,1.12807,1.14508
2022-10-05,1.14509,1.14957,1.12272,1.13563
2022-10-06,1.13564,1.1384,1.11131,1.116195
2022-10-07,1.11619,1.12254,1.1056,1.10939
2022-10-09,1.10933,1.10951,1.10621,1.10728
2022-10-10,1.10729,1.11115,1.10199,1.10791
2022-10-11,1.10793,1.118,1.09531,1.09641
2022-10-12,1.096405,1.11341,1.09238,1.11011
2022-10-13,1.1101,1.13808,1.10573,1.13016
2022-10-14,1.13016,1.13667,1.11521,1.117995
2022-10-16,1.1226,1.12507,1.12134,1.12419
2022-10-17,1.12418,1.14398,1.12162,1.1352
2022-10-18,1.135205,1.14109,1.1256,1.13427
2022-10-19,1.13426,1.13513,1.11854,1.12184
2022-10-21,1.11052,1.13152,1.10609,1.12979
2022-10-23,1.13807,1.140935,1.13077,1.13364
2022-10-24,1.13367,1.13827,1.12583,1.13061
2022-10-25,1.13062,1.14998,1.12715,1.14589
2022-10-26,1.14588,1.16407,1.14308,1.16393
2022-10-27,1.16392,1.16459,1.15493,1.15646
2022-10-28,1.156485,1.1624,1.1504,1.16139
2022-10-30,1.15942,1.16068,1.15869,1.1595
2022-10-31,1.15951,1.16139,1.14592,1.14677
2022-11-01,1.14679,1.15663,1.14374,1.14889
2022-11-02,1.14892,1.15645,1.13753,1.13838
2022-11-03,1.13837,1.14222,1.11495,1.11704
2022-11-04,1.11705,1.13824,1.11467,1.13754
2022-11-06,1.13141,1.13419,1.13055,1.13311
2022-11-07,1.13312,1.15418,1.12908,1.151315
2022-11-08,1.15131,1.15992,1.14303,1.15519
2022-11-09,1.1552,1.15672,1.1334,1.13682
2022-11-10,1.13683,1.17316,1.13634,1.16948
2022-11-11,1.16946,1.18549,1.16475,1.1836
2022-11-13,1.18177,1.18177,1.17671,1.17971
2022-11-14,1.1797,1.1829,1.17105,1.17518
2022-11-15,1.17519,1.20295,1.17412,1.18796
2022-11-16,1.18797,1.19424,1.18315,1.19144
2022-11-17,1.19143,1.19582,1.17629,1.1859
2022-11-18,1.18593,1.19511,1.18586,1.1883
2022-11-20,1.19016,1.19016,1.1881,1.18854
2022-11-21,1.18852,1.18867,1.17788,1.18266
2022-11-22,1.18267,1.1903,1.182245,1.18936
2022-11-23,1.18938,1.20812,1.18728,1.2077
2022-11-24,1.20771,1.21538,1.20591,1.21127
2022-11-25,1.21126,1.21276,1.20585,1.20969
2022-11-27,1.20722,1.20789,1.20512,1.20541
2022-11-28,1.2054,1.21184,1.19405,1.19597
2022-11-29,1.19598,1.20646,1.19422,1.19463
2022-11-30,1.19464,1.20887,1.19005,1.20752
2022-12-01,1.20751,1.23068,1.20699,1.22587
2022-12-02,1.22588,1.23003,1.213455,1.22933
2022-12-04,1.22789,1.229715,1.2271,1.22965
2022-12-05,1.22964,1.23448,1.21619,1.21927
2022-12-06,1.21928,1.22697,1.2127,1.2133
2022-12-07,1.21329,1.22348,1.21069,1.22098
2022-12-08,1.22099,1.22474,1.21549,1.22341
2022-12-09,1.22338,1.23228,1.22033,1.22654
2022-12-11,1.22613,1.22724,1.22332,1.2236
2022-12-12,1.22359,1.22991,1.22071,1.22694
2022-12-13,1.22693,1.24442,1.22485,1.23549
2022-12-14,1.23548,1.24466,1.23424,1.24185
2022-12-15,1.24186,1.24261,1.21564,1.2191
2022-12-16,1.21909,1.22232,1.21202,1.21442
2022-12-18,1.21532,1.21697,1.21526,1.21596
2022-12-19,1.21597,1.22422,1.21208,1.21545
2022-12-20,1.21546,1.22238,1.20857,1.21885
2022-12-21,1.21886,1.219,1.20554,1.20767
2022-12-22,1.20766,1.21475,1.19931,1.20381
2022-12-23,1.20383,1.20904,1.20189,1.205245
2022-12-25,1.20678,1.20688,1.20537,1.20667
2022-12-26,1.20664,1.20928,1.20531,1.20828
2022-12-27,1.20827,1.21127,1.20025,1.20269
2022-12-28,1.202695,1.2126,1.20026,1.20281
2022-12-29,1.2028,1.20789,1.20148,1.20553
2022-12-30,1.20554,1.21079,1.20099,1.20938
2023-01-02,1.2087,1.21002,1.2035,1.20633
2023-01-03,1.20634,1.20854,1.19007,1.19665
2023-01-04,1.19666,1.20878,1.19661,1.20565
2023-01-05,1.20566,1.20782,1.18734,1.19094
2023-01-06,1.19095,1.20997,1.18414,1.20936
2023-01-08,1.20881,1.21206,1.20869,1.212
2023-01-09,1.21199,1.22102,1.20939,1.2184
2023-01-10,1.21841,1.21983,1.21102,1.21538
2023-01-11,1.21537,1.21785,1.21004,1.21589
2023-01-12,1.2159,1.2247,1.20876,1.22169
2023-01-13,1.22171,1.22489,1.21507,1.22354
2023-01-15,1.22228,1.22344,1.22212,1.22236
2023-01-16,1.22235,1.22895,1.217155,1.22083
2023-01-17,1.22084,1.22994,1.21696,1.2284
2023-01-18,1.22841,1.24361,1.22551,1.2347
2023-01-19,1.23472,1.23985,1.23133,1.23926
2023-01-20,1.23925,1.24046,1.23357,1.23999
2023-01-22,1.24005,1.24147,1.23983,1.24063
2023-01-23,1.240635,1.24481,1.23237,1.2379
2023-01-24,1.23791,1.24141,1.22633,1.23315
2023-01-25,1.23316,1.24187,1.22832,1.24108
2023-01-26,1.24106,1.24305,1.23449,1.24144
2023-01-27,1.24145,1.24188,1.23456,1.2399
2023-01-29,1.23918,1.24012,1.23781,1.24006
2023-01-30,1.24005,1.24177,1.23372,1.23498
2023-01-31,1.23499,1.23713,1.22845,1.23086
2023-02-01,1.23085,1.24021,1.227315,1.23878
2023-02-02,1.23877,1.24006,1.22197,1.22212
2023-02-03,1.22213,1.22658,1.20475,1.20537
2023-02-05,1.20367,1.20574,1.20356,1.20437
2023-02-06,1.20434,1.20775,1.20059,1.20265
2023-02-07,1.20266,1.20957,1.19613,1.20538
2023-02-08,1.20537,1.21098,1.20386,1.2071
2023-02-09,1.20709,1.21941,1.20572,1.21157
2023-02-10,1.21158,1.21394,1.20473,1.20586
2023-02-12,1.20657,1.20664,1.20468,1.20515
2023-02-13,1.20514,1.21524,1.20309,1.21504
2023-02-14,1.21505,1.22687,1.21175,1.21737
2023-02-15,1.21738,1.21819,1.199,1.2037
2023-02-16,1.20371,1.20744,1.19658,1.19743
2023-02-17,1.19744,1.20494,1.19151,1.20429
2023-02-19,1.20291,1.20376,1.20251,1.20291
2023-02-20,1.2029,1.20568,1.20149,1.20386
2023-02-21,1.20387,1.21476,1.19863,1.21092
2023-02-22,1.21093,1.21358,1.20348,1.20471
2023-02-23,1.2047,1.2075,1.19923,1.2017
2023-02-24,1.20169,1.20422,1.19284,1.19407
2023-02-26,1.19523,1.19572,1.19454,1.19501
2023-02-27,1.19502,1.20679,1.19228,1.20625
2023-02-28,1.20624,1.21435,1.20136,1.20331
2023-03-01,1.20332,1.2089,1.19653,1.20266
2023-03-02,1.20265,1.20367,1.19251,1.19496
2023-03-03,1.19494,1.20487,1.19485,1.20442
2023-03-05,1.20413,1.20413,1.20271,1.20275
2023-03-06,1.20276,1.2049,1.1993,1.20253
2023-03-07,1.20251,1.20654,1.18216,1.18271
2023-03-08,1.18272,1.18592,1.18031,1.18494
2023-03-09,1.18495,1.19391,1.18323,1.19231
2023-03-10,1.19229,1.21138,1.19082,1.20314
2023-03-12,1.2074,1.21041,1.20694,1.20759
2023-03-13,1.2076,1.21996,1.20469,1.21672
2023-03-14,1.21673,1.22041,1.21367,1.21511
2023-03-15,1.21509,1.21819,1.20106,1.20673
2023-03-16,1.20674,1.2128,1.20275,1.21098
2023-03-17,1.21099,1.22006,1.21022,1.21779
2023-03-19,1.22115,1.22139,1.217785,1.218745
2023-03-20,1.21875,1.22851,1.21672,1.22742
2023-03-21,1.22741,1.2283,1.21791,1.22252
2023-03-22,1.2225,1.23352,1.22085,1.22779
2023-03-23,1.22783,1.23435,1.22619,1.22809
2023-03-24,1.22805,1.22887,1.21905,1.22309
2023-03-26,1.22338,1.22503,1.22296,1.22453
2023-03-27,1.22451,1.22981,1.22192,1.22967
2023-03-28,1.22969,1.23494,1.22812,1.23302
2023-03-29,1.23305,1.2362,1.23031,1.23105
2023-03-30,1.23106,1.23932,1.2294,1.23866
2023-03-31,1.2387,1.24233,1.23244,1.23291
2023-04-02,1.23315,1.23332,1.22843,1.22861
2023-04-03,1.22863,1.24257,1.22746,1.24205
2023-04-04,1.24208,1.25254,1.23954,1.24996
2023-04-05,1.24992,1.25143,1.24331,1.24625
2023-04-06,1.24626,1.24869,1.24131,1.24383
2023-04-07,1.24382,1.2456,1.23895,1.24174
2023-04-09,1.24171,1.24317,1.24171,1.24309
2023-04-10,1.2431,1.24427,1.23447,1.23915
2023-04-11,1.23918,1.24564,1.23869,1.24295
2023-04-12,1.24297,1.24955,1.23988,1.2492
2023-04-13,1.24922,1.25375,1.2479,1.25247
2023-04-14,1.25248,1.25465,1.23994,1.24154
2023-04-16,1.24133,1.24214,1.23981,1.24016
2023-04-17,1.24012,1.24383,1.23536,1.23736
2023-04-18,1.23738,1.245,1.23677,1.24248
2023-04-19,1.24251,1.24744,1.23925,1.24282
2023-04-20,1.24283,1.24677,1.2405,1.24405
2023-04-21,1.24403,1.24483,1.23672,1.2442
2023-04-24,1.24474,1.24999,1.24428,1.24991
2023-04-25,1.2499,1.25073,1.2387,1.24143
2023-04-26,1.24142,1.25154,1.2403,1.2471
2023-04-27,1.24709,1.24997,1.24365,1.24971
2023-04-28,1.2497,1.25841,1.24468,1.2567
2023-04-30,1.25624,1.25705,1.25565,1.25582
2023-05-01,1.25583,1.25692,1.24807,1.24849
2023-05-02,1.24848,1.25125,1.24359,1.24767
2023-05-03,1.2477,1.25897,1.24681,1.2569
2023-05-04,1.25697,1.25986,1.25483,1.25832
2023-05-05,1.25831,1.26525,1.25604,1.26316
2023-05-07,1.26368,1.26375,1.26251,1.26299
2023-05-08,1.26301,1.2669,1.2611,1.26127
2023-05-09,1.26126,1.26399,1.25782,1.26244
2023-05-10,1.26242,1.26798,1.26027,1.26259
2023-05-11,1.26258,1.26409,1.24969,1.25077
2023-05-12,1.25076,1.25409,1.2445,1.24481
2023-05-14,1.24589,1.24595,1.2445,1.24514
2023-05-15,1.24513,1.25346,1.24454,1.2525
2023-05-16,1.25249,1.25465,1.24657,1.24844
2023-05-17,1.24842,1.25106,1.24217,1.24825
2023-05-18,1.24824,1.24932,1.23917,1.24118
2023-05-19,1.24117,1.24839,1.23924,1.24474
2023-05-21,1.24482,1.24613,1.24468,1.2461
2023-05-22,1.24611,1.24724,1.24141,1.24339
2023-05-23,1.24344,1.24468,1.2373,1.24164
2023-05-24,1.24165,1.24698,1.23581,1.23698
2023-05-25,1.23699,1.2387,1.23082,1.23169
2023-05-26,1.23168,1.23956,1.23113,1.23482
2023-05-28,1.23443,1.23521,1.2343,1.23455
2023-05-29,1.23454,1.23718,1.23354,1.23479
2023-05-30,1.23478,1.24464,1.23274,1.24125
2023-05-31,1.24126,1.24496,1.23481,1.24456
2023-06-01,1.24455,1.25398,1.24012,1.25265
2023-06-02,1.25266,1.25447,1.24418,1.24507
2023-06-04,1.24552,1.24562,1.24273,1.24305
2023-06-05,1.24306,1.24437,1.23687,1.24324
2023-06-06,1.24322,1.24588,1.23919,1.24293
2023-06-07,1.24292,1.25003,1.23951,1.24446
2023-06-08,1.24447,1.25638,1.24418,1.25582
2023-06-09,1.25583,1.25903,1.25344,1.25803
2023-06-11,1.25729,1.25843,1.25724,1.25797
2023-06-12,1.258,1.25995,1.24872,1.25148
2023-06-13,1.25149,1.26249,1.25135,1.2607
2023-06-14,1.26069,1.26992,1.26011,1.26708
2023-06-15,1.26709,1.27907,1.26301,1.27851
2023-06-16,1.27852,1.28484,1.27687,1.28234
2023-06-18,1.28224,1.28331,1.28224,1.28311
2023-06-19,1.2831,1.28372,1.277045,1.27933
2023-06-20,1.27932,1.28064,1.27139,1.27656
2023-06-21,1.27655,1.28027,1.26913,1.27707
2023-06-22,1.27708,1.28447,1.27259,1.27468
2023-06-23,1.27469,1.27492,1.26857,1.27161
2023-06-25,1.2712,1.27315,1.27099,1.27292
2023-06-26,1.27293,1.27489,1.26882,1.2711
2023-06-27,1.27111,1.27596,1.27038,1.2746
2023-06-28,1.27461,1.27521,1.26067,1.26419
2023-06-29,1.26418,1.26669,1.25914,1.26132
2023-06-30,1.26133,1.27278,1.25995,1.26986
2023-07-02,1.27039,1.27058,1.26928,1.26938
2023-07-03,1.26939,1.27234,1.26587,1.26922
2023-07-04,1.26921,1.27394,1.26836,1.27173
2023-07-05,1.27174,1.27354,1.26884,1.27043
2023-07-06,1.27044,1.27811,1.26736,1.27421
2023-07-07,1.27422,1.28495,1.2726,1.28398
2023-07-09,1.2835,1.2842,1.28314,1.28379
2023-07-10,1.2838,1.28685,1.27506,1.28642
2023-07-11,1.28643,1.29397,1.28583,1.29339
2023-07-12,1.2934,1.30006,1.29042,1.29959
2023-07-13,1.2996,1.31409,1.29845,1.31286
2023-07-14,1.31285,1.31424,1.30899,1.30929
2023-07-16,1.30986,1.31003,1.30864,1.30896
2023-07-17,1.30897,1.31089,1.30513,1.3072
2023-07-18,1.30719,1.31258,1.30282,1.30339
2023-07-19,1.3034,1.30389,1.2868,1.29374
2023-07-20,1.29373,1.29646,1.28401,1.28726
2023-07-21,1.28727,1.29042,1.28162,1.28529
2023-07-23,1.28531,1.28582,1.28482,1.28524
2023-07-24,1.28525,1.28839,1.27981,1.28122
2023-07-25,1.28123,1.2905,1.28097,1.28936
2023-07-26,1.28935,1.29605,1.28757,1.29272
2023-07-27,1.29273,1.29959,1.27823,1.27935
2023-07-28,1.27934,1.28869,1.27632,1.28482
2023-07-30,1.2849,1.28587,1.28485,1.28537
2023-07-31,1.28536,1.28726,1.28286,1.28318
2023-08-01,1.28317,1.28389,1.27413,1.27948
2023-08-02,1.27949,1.27991,1.26804,1.27192
2023-08-03,1.27191,1.27284,1.26205,1.27159
2023-08-04,1.27157,1.27925,1.26858,1.27509
2023-08-06,1.27528,1.27622,1.27456,1.27489
2023-08-07,1.27488,1.27893,1.27133,1.27815
2023-08-08,1.27816,1.27857,1.26845,1.27435
2023-08-09,1.27436,1.27822,1.27122,1.27198
2023-08-10,1.27197,1.28191,1.26698,1.26705
2023-08-11,1.26704,1.27389,1.26665,1.26976
2023-08-13,1.26931,1.27069,1.26868,1.26941
2023-08-14,1.26942,1.2715,1.26166,1.26855
2023-08-15,1.26854,1.27527,1.26755,1.27005
2023-08-16,1.27006,1.27664,1.26875,1.27277
2023-08-17,1.27276,1.27877,1.27028,1.27475
2023-08-18,1.27474,1.2766,1.26894,1.2734
2023-08-20,1.27339,1.27428,1.2732,1.27413
2023-08-21,1.27412,1.2767,1.27106,1.276
2023-08-22,1.27599,1.28004,1.27187,1.27317
2023-08-23,1.27316,1.27648,1.26149,1.27202
2023-08-24,1.27201,1.27289,1.25863,1.25929
2023-08-25,1.25928,1.26547,1.25482,1.25799
2023-08-28,1.25978,1.26158,1.25729,1.26109
2023-08-29,1.2611,1.2655,1.25629,1.26359
2023-08-30,1.26358,1.27467,1.2619,1.27113
2023-08-31,1.27115,1.27346,1.26527,1.26715
2023-09-01,1.26714,1.27126,1.25775,1.25876
2023-09-03,1.25932,1.25939,1.25867,1.25911
2023-09-04,1.25912,1.26425,1.25879,1.26227
2023-09-05,1.26226,1.2632,1.25283,1.25701
2023-09-06,1.25702,1.2588,1.24821,1.24983
2023-09-07,1.24982,1.25085,1.24457,1.24754
2023-09-08,1.24755,1.25144,1.24513,1.24625
2023-09-10,1.24732,1.24925,1.24724,1.24886
2023-09-11,1.24887,1.25482,1.2482,1.25082
2023-09-12,1.25083,1.253,1.24597,1.2491
2023-09-13,1.24911,1.2512,1.24346,1.24898
2023-09-14,1.24897,1.25064,1.23967,1.24011
2023-09-15,1.24012,1.24458,1.2379,1.23843
2023-09-17,1.23862,1.2398,1.23849,1.23975
2023-09-18,1.23974,1.24104,1.23704,1.23832
2023-09-19,1.23831,1.24251,1.23699,1.2393
2023-09-20,1.23928,1.24214,1.23238,1.23272
2023-09-21,1.23271,1.23317,1.22342,1.22929
2023-09-22,1.2293,1.22938,1.22308,1.22384
2023-09-24,1.22481,1.22563,1.22394,1.22413
2023-09-25,1.22412,1.22506,1.21941,1.22127
2023-09-26,1.22126,1.2215,1.21438,1.21463
2023-09-27,1.21462,1.21645,1.21105,1.21355
2023-09-28,1.21356,1.22249,1.21202,1.22043
2023-09-29,1.22042,1.22719,1.21805,1.22036
2023-10-01,1.22039,1.22087,1.21803,1.21931
2023-10-02,1.21932,1.22202,1.20844,1.20903
2023-10-03,1.20904,1.21021,1.20526,1.20775
2023-10-04,1.20776,1.21772,1.20374,1.21372
2023-10-05,1.21371,1.21961,1.21078,1.21874
2023-10-06,1.21873,1.22616,1.21059,1.22382
2023-10-08,1.22039,1.22218,1.220065,1.22199
2023-10-09,1.222,1.2252,1.21633,1.22496
2023-10-10,1.22495,1.22949,1.22119,1.22895
2023-10-11,1.22896,1.23376,1.22686,1.23154
2023-10-12,1.23153,1.23315,1.21717,1.21826
2023-10-13,1.21827,1.22254,1.21226,1.21389
2023-10-15,1.21442,1.21575,1.21364,1.21548
2023-10-16,1.2155,1.22196,1.21429,1.22116
2023-10-17,1.22115,1.2216,1.21331,1.21782
2023-10-18,1.21781,1.22114,1.21372,1.21417
2023-10-19,1.21416,1.21918,1.20903,1.21356
2023-10-20,1.21357,1.21704,1.20934,1.21639
2023-10-22,1.21626,1.21663,1.21582,1.21632
2023-10-23,1.21631,1.22585,1.21434,1.22491
2023-10-24,1.22492,1.22888,1.21535,1.21622
2023-10-25,1.21623,1.21763,1.2095,1.21024
2023-10-26,1.21025,1.21398,1.20698,1.21364
2023-10-27,1.21363,1.21627,1.21057,1.21229
2023-10-29,1.21233,1.21266,1.21105,1.21131
2023-10-30,1.2113,1.21747,1.20903,1.21638
2023-10-31,1.21637,1.22006,1.21198,1.21504
2023-11-01,1.21505,1.21817,1.20959,1.21817
2023-11-02,1.21822,1.22256,1.21554,1.21895
2023-11-03,1.21896,1.23895,1.21847,1.23804
2023-11-05,1.23744,1.23778,1.23676,1.23721
2023-11-06,1.23722,1.24285,1.23382,1.23438
2023-11-07,1.23439,1.23472,1.22627,1.22912
2023-11-08,1.22913,1.23016,1.22419,1.22853
2023-11-09,1.22854,1.23087,1.22129,1.22162
2023-11-10,1.22163,1.2238,1.21873,1.22268
2023-11-12,1.22264,1.22324,1.22159,1.22296
2023-11-13,1.22297,1.22809,1.22233,1.228
2023-11-14,1.22802,1.2506,1.22653,1.24936
2023-11-15,1.24937,1.24978,1.24037,1.24221
2023-11-16,1.2422,1.2456,1.23767,1.24144
2023-11-17,1.24145,1.24649,1.23741,1.24617
2023-11-20,1.24696,1.25176,1.24614,1.25084
2023-11-21,1.25083,1.25593,1.25047,1.25435
2023-11-22,1.25436,1.25496,1.24492,1.24893
2023-11-23,1.24894,1.25727,1.24891,1.25328
2023-11-24,1.25329,1.26154,1.25246,1.26089
2023-11-26,1.26034,1.2607,1.25986,1.25996
2023-11-27,1.25997,1.26443,1.25913,1.2635
2023-11-28,1.26349,1.2715,1.2607,1.27129
2023-11-29,1.27128,1.27333,1.26648,1.2695
2023-11-30,1.26951,1.27108,1.26035,1.26313
2023-12-01,1.26314,1.27161,1.26139,1.27108
2023-12-03,1.2706,1.27249,1.26979,1.27113
2023-12-04,1.27115,1.27125,1.2604,1.26335
2023-12-05,1.26336,1.2652,1.25774,1.25945
2023-12-06,1.25946,1.26138,1.25518,1.25578
2023-12-07,1.25581,1.26125,1.25445,1.25876
2023-12-08,1.25879,1.26015,1.25025,1.25491
2023-12-10,1.25409,1.25546,1.25357,1.25544
2023-12-11,1.25545,1.2591,1.25352,1.25535
2023-12-12,1.25537,1.26161,1.25144,1.25689
2023-12-13,1.2569,1.2635,1.25009,1.26214
2023-12-14,1.26213,1.27942,1.26121,1.27708
2023-12-15,1.27707,1.27904,1.26686,1.26808
2023-12-17,1.26756,1.26782,1.26658,1.26716
2023-12-18,1.26717,1.27039,1.26288,1.26529
2023-12-19,1.2653,1.2762,1.26495,1.27303
2023-12-20,1.27302,1.27304,1.26252,1.264
2023-12-21,1.26401,1.26959,1.26124,1.26831
2023-12-22,1.26833,1.27444,1.26791,1.26978
2023-12-25,1.269,1.27125,1.26881,1.27042
2023-12-26,1.27043,1.27306,1.26846,1.27263
2023-12-27,1.27262,1.28031,1.26989,1.28002
2023-12-28,1.28001,1.28277,1.27127,1.27345
2023-12-29,1.27346,1.27728,1.27007,1.27312
2024-01-01,1.27276,1.27351,1.27206,1.27277
2024-01-02,1.27276,1.276,1.26109,1.2623
2024-01-03,1.26231,1.26768,1.26163,1.26734
2024-01-04,1.26733,1.27298,1.26571,1.26816
2024-01-05,1.26815,1.27709,1.26115,1.27188
2024-01-07,1.27214,1.27224,1.27088,1.27172
2024-01-08,1.27173,1.27672,1.26735,1.27415
2024-01-09,1.27414,1.2765,1.26897,1.27111
2024-01-10,1.27114,1.27447,1.26864,1.27444
2024-01-11,1.27445,1.27856,1.26903,1.27789
2024-01-12,1.2779,1.27857,1.27197,1.27544
2024-01-14,1.27466,1.27521,1.27351,1.27357
2024-01-15,1.27359,1.27656,1.27131,1.27155
2024-01-16,1.27154,1.27168,1.26197,1.26379
2024-01-17,1.2638,1.26965,1.25967,1.26772
2024-01-18,1.2677,1.27122,1.26482,1.27113
2024-01-19,1.27114,1.27146,1.26615,1.27042
2024-01-21,1.26915,1.27088,1.26908,1.26995
2024-01-22,1.26996,1.2733,1.26871,1.27063
2024-01-23,1.27064,1.27474,1.26494,1.26915
2024-01-24,1.26914,1.27749,1.26858,1.27184
2024-01-25,1.27183,1.27428,1.26819,1.27062
2024-01-26,1.27063,1.27585,1.26757,1.27022
2024-01-28,1.26989,1.27049,1.26912,1.26968
2024-01-29,1.26969,1.27191,1.26622,1.27125
2024-01-30,1.27126,1.27212,1.26403,1.26949
2024-01-31,1.2695,1.27508,1.26584,1.26797
2024-02-01,1.26798,1.27557,1.26255,1.27462
2024-02-02,1.27463,1.27724,1.26142,1.26333
2024-02-04,1.26354,1.26387,1.261145,1.26218
2024-02-05,1.26215,1.26296,1.25183,1.25339
2024-02-06,1.2534,1.26061,1.25337,1.26038
2024-02-07,1.26039,1.26419,1.25972,1.26268
2024-02-08,1.26267,1.26387,1.25719,1.26207
2024-02-09,1.26206,1.26431,1.25991,1.26281
2024-02-11,1.26252,1.26373,1.26244,1.26366
2024-02-12,1.26367,1.26547,1.26063,1.26268
2024-02-13,1.26269,1.26949,1.25732,1.25903
2024-02-14,1.25902,1.26111,1.25358,1.25677
2024-02-15,1.25676,1.26053,1.25412,1.25985
2024-02-16,1.25986,1.26246,1.25508,1.26025
2024-02-18,1.26067,1.26112,1.2599,1.26108
2024-02-19,1.26107,1.26298,1.25837,1.25877
2024-02-20,1.25872,1.26687,1.25795,1.26251
2024-02-21,1.26252,1.26418,1.26029,1.26385
2024-02-22,1.26384,1.27095,1.26117,1.26619
2024-02-23,1.26618,1.27013,1.26486,1.26713
2024-02-25,1.26768,1.26828,1.26691,1.26704
2024-02-26,1.26705,1.26995,1.26568,1.26842
2024-02-27,1.26843,1.2697,1.26604,1.26804
2024-02-28,1.26805,1.26844,1.26218,1.26615
2024-02-29,1.26616,1.26819,1.26128,1.26271
2024-03-01,1.2627,1.2664,1.26,1.26523
2024-03-03,1.26535,1.26624,1.2651,1.26605
2024-03-04,1.26604,1.27066,1.26561,1.26896
2024-03-05,1.26897,1.2735,1.26713,1.27043
2024-03-06,1.27044,1.27616,1.26902,1.27361
2024-03-07,1.2736,1.28135,1.27233,1.28133
2024-03-08,1.28134,1.28936,1.28013,1.28581
2024-03-10,1.28615,1.28644,1.2848,1.28555
2024-03-11,1.28556,1.28622,1.27953,1.28184
2024-03-12,1.28183,1.28238,1.27463,1.2795
2024-03-13,1.27951,1.28114,1.27748,1.28013
2024-03-14,1.28014,1.28229,1.27308,1.27453
2024-03-15,1.27454,1.27587,1.27254,1.27358
2024-03-17,1.27317,1.2738,1.27295,1.27312
2024-03-18,1.27314,1.2747,1.2718,1.27266
2024-03-19,1.27267,1.2733,1.26679,1.27179
2024-03-20,1.2718,1.27984,1.26846,1.2798
2024-03-21,1.27981,1.28035,1.26509,1.26607
2024-03-22,1.26608,1.26753,1.25753,1.26004
2024-03-24,1.26046,1.26073,1.25933,1.25975
2024-03-25,1.25976,1.26524,1.25919,1.26366
2024-03-26,1.26365,1.26681,1.26221,1.26278
2024-03-27,1.26277,1.26411,1.26056,1.26169
2024-03-28,1.2617,1.26546,1.2586,1.26219
2024-03-29,1.2622,1.26451,1.261,1.26244
2024-03-31,1.26297,1.2643,1.26248,1.26376
2024-04-01,1.26377,1.26421,1.25397,1.2546
2024-04-02,1.25458,1.25814,1.25395,1.25759
2024-04-03,1.2576,1.26564,1.25627,1.26514
2024-04-04,1.26513,1.26836,1.26354,1.26394
2024-04-05,1.26393,1.26487,1.25745,1.26378
2024-04-07,1.26304,1.26351,1.26211,1.26242
2024-04-08,1.26241,1.26641,1.26135,1.26576
2024-04-09,1.26577,1.27094,1.26489,1.26769
2024-04-10,1.2677,1.27083,1.25206,1.25365
2024-04-11,1.25366,1.25788,1.25109,1.25548
2024-04-12,1.25547,1.2559,1.24267,1.24499
2024-04-14,1.24462,1.24631,1.24415,1.24597
2024-04-15,1.24598,1.24987,1.2436,1.24464
2024-04-16,1.24463,1.2472,1.2406,1.24306
2024-04-17,1.24305,1.24821,1.24171,1.24533
2024-04-18,1.24532,1.24844,1.24322,1.24348
2024-04-19,1.24349,1.24683,1.2367,1.23706
2024-04-21,1.23771,1.23825,1.236625,1.23757
2024-04-22,1.2376,1.23925,1.22998,1.23497
2024-04-23,1.23498,1.24585,1.2332,1.24544
2024-04-24,1.24543,1.24698,1.24228,1.24592
2024-04-25,1.24593,1.25277,1.24543,1.25075
2024-04-26,1.25076,1.25409,1.24494,1.24936
2024-04-28,1.24843,1.25098,1.24834,1.25094
2024-04-29,1.25095,1.25696,1.25074,1.25598
2024-04-30,1.25596,1.25613,1.24883,1.24891
2024-05-01,1.24892,1.25503,1.24665,1.25365
2024-05-02,1.25364,1.25446,1.2472,1.25396
2024-05-03,1.25395,1.26349,1.25296,1.25471
2024-05-05,1.25457,1.25542,1.25405,1.25409
2024-05-06,1.25407,1.25945,1.25385,1.25592
2024-05-07,1.25593,1.25708,1.24986,1.25019
2024-05-08,1.25016,1.25049,1.24679,1.24935
2024-05-09,1.24934,1.25299,1.24462,1.25249
2024-05-10,1.2525,1.25412,1.25027,1.25244
2024-05-12,1.25194,1.25277,1.25179,1.25222
2024-05-13,1.25221,1.25688,1.25179,1.256
2024-05-14,1.25601,1.2593,1.25095,1.25843
2024-05-15,1.25842,1.26944,1.25839,1.26887
2024-05-16,1.2689,1.27008,1.26436,1.26714
2024-05-17,1.26715,1.27118,1.2645,1.27007
2024-05-19,1.26974,1.2708,1.26939,1.2706
2024-05-20,1.27061,1.27255,1.26894,1.27098
2024-05-21,1.27099,1.2727,1.26865,1.27098
2024-05-22,1.27099,1.27614,1.27003,1.27203
2024-05-23,1.27202,1.27467,1.26855,1.26932
2024-05-24,1.26931,1.2751,1.26758,1.27374
2024-05-26,1.27372,1.27434,1.27341,1.27342
2024-05-27,1.27343,1.27777,1.27342,1.2772
2024-05-28,1.27721,1.28007,1.27543,1.27581
2024-05-29,1.2758,1.27718,1.26964,1.26979
2024-05-30,1.2698,1.27472,1.26811,1.2729
2024-05-31,1.27291,1.27662,1.27003,1.27417
2024-06-02,1.27402,1.27456,1.273715,1.27441
2024-06-03,1.27442,1.28125,1.26945,1.28098
2024-06-04,1.28099,1.28175,1.27431,1.27725
2024-06-05,1.27726,1.27953,1.27556,1.27938
2024-06-06,1.27939,1.28092,1.27627,1.27921
2024-06-07,1.27924,1.28158,1.27162,1.27181
2024-06-09,1.27288,1.27324,1.27183,1.27283
2024-06-10,1.27284,1.27373,1.26881,1.27259
2024-06-11,1.2726,1.27518,1.2706,1.27399
2024-06-12,1.27398,1.28604,1.27331,1.27963
2024-06-13,1.27964,1.28076,1.27382,1.27539
2024-06-14,1.27538,1.27636,1.26571,1.26864
2024-06-16,1.26885,1.26886,1.26784,1.26835
2024-06-17,1.26834,1.27144,1.26591,1.27139
2024-06-18,1.2714,1.2721,1.2669,1.27071
2024-06-19,1.2707,1.274,1.27003,1.27203
2024-06-20,1.27202,1.27206,1.26548,1.26599
2024-06-21,1.26598,1.26784,1.26223,1.26436
2024-06-23,1.26406,1.26455,1.26359,1.26381
2024-06-24,1.26382,1.26982,1.26326,1.2682
2024-06-25,1.26821,1.27027,1.26704,1.26841
2024-06-26,1.2684,1.26936,1.26157,1.26211
2024-06-27,1.26212,1.26708,1.26131,1.26443
2024-06-28,1.26445,1.26659,1.26198,1.26453
2024-06-30,1.26568,1.26576,1.26409,1.26488
2024-07-01,1.26489,1.27107,1.26334,1.26453
2024-07-02,1.26454,1.26917,1.26155,1.26876
2024-07-03,1.26877,1.27773,1.26784,1.27474
2024-07-04,1.27475,1.27677,1.27414,1.27552
2024-07-05,1.27553,1.28173,1.27552,1.28146
2024-07-07,1.27993,1.2816,1.27926,1.28062
2024-07-08,1.2806,1.28458,1.27999,1.28153
2024-07-09,1.28155,1.28252,1.2778,1.27883
2024-07-10,1.27882,1.28544,1.27844,1.28539
2024-07-11,1.2854,1.29493,1.28495,1.29239
2024-07-12,1.29237,1.29909,1.29023,1.29887
2024-07-14,1.29721,1.29836,1.2963,1.29673
2024-07-15,1.29674,1.2995,1.29622,1.29695
2024-07-16,1.29696,1.29799,1.29385,1.29775
2024-07-17,1.29776,1.30444,1.29664,1.30083
2024-07-18,1.30084,1.30128,1.29404,1.29492
2024-07-19,1.29491,1.29492,1.29013,1.29128
2024-07-21,1.2918,1.29396,1.29112,1.29327
2024-07-22,1.29326,1.29423,1.29056,1.2931
2024-07-23,1.29311,1.29349,1.28879,1.29011
2024-07-24,1.2901,1.29378,1.28775,1.2898
2024-07-25,1.28981,1.29135,1.28499,1.28553
2024-07-26,1.28554,1.28781,1.285,1.28669
2024-07-28,1.28629,1.28736,1.28629,1.28668
2024-07-29,1.28664,1.28882,1.28067,1.28598
2024-07-30,1.28596,1.28646,1.28202,1.28378
2024-07-31,1.28379,1.28644,1.28211,1.28531
2024-08-01,1.2853,1.28608,1.27269,1.2728
2024-08-02,1.27279,1.28402,1.27074,1.28042
2024-08-04,1.28102,1.28122,1.2782,1.27878
2024-08-05,1.27879,1.28171,1.27102,1.27881
2024-08-06,1.27882,1.28032,1.26728,1.26844
2024-08-07,1.26843,1.27359,1.26784,1.26827
2024-08-08,1.2683,1.27525,1.26652,1.27458
2024-08-09,1.27457,1.27738,1.27264,1.27579
2024-08-11,1.27625,1.27663,1.27486,1.27489
2024-08-12,1.2749,1.27941,1.27471,1.27708
2024-08-13,1.27709,1.28732,1.27637,1.28654
2024-08-14,1.28655,1.28686,1.28174,1.28246
2024-08-15,1.28245,1.28717,1.27989,1.2859
2024-08-16,1.28591,1.29461,1.28576,1.29446
2024-08-18,1.29392,1.2951,1.29372,1.29465
2024-08-19,1.29466,1.29974,1.29403,1.29894
2024-08-20,1.29895,1.30526,1.29745,1.3034
2024-08-21,1.30339,1.31196,1.30111,1.30926
2024-08-22,1.30924,1.313,1.30767,1.30968
2024-08-23,1.30969,1.32302,1.30921,1.32172
2024-08-25,1.32173,1.32219,1.320445,1.3214
2024-08-26,1.32143,1.32224,1.31802,1.31917
2024-08-27,1.31918,1.32665,1.31802,1.32553
2024-08-28,1.32554,1.32606,1.31679,1.31931
2024-08-29,1.31932,1.3227,1.31455,1.31654
2024-08-30,1.31656,1.32,1.31098,1.31262
2024-09-01,1.31342,1.31363,1.31262,1.31299
2024-09-02,1.31298,1.31552,1.31202,1.31403
2024-09-03,1.31405,1.31473,1.30878,1.31129
2024-09-04,1.31128,1.31753,1.31012,1.3144
2024-09-05,1.31442,1.31856,1.31372,1.3176
2024-09-06,1.31761,1.3239,1.31102,1.31302
2024-09-08,1.31254,1.31385,1.31254,1.31317
2024-09-09,1.31314,1.31434,1.30682,1.30709
2024-09-10,1.30708,1.31077,1.30497,1.30798
2024-09-11,1.30797,1.31114,1.30022,1.30382
2024-09-12,1.30381,1.31329,1.30322,1.31327
2024-09-13,1.31328,1.31578,1.31149,1.31248
2024-09-15,1.3123,1.31368,1.31209,1.31354
2024-09-16,1.31353,1.32189,1.31353,1.32103
2024-09-17,1.32104,1.32298,1.31462,1.31672
2024-09-18,1.31675,1.32978,1.31567,1.3203
2024-09-19,1.32031,1.33145,1.31537,1.32813
2024-09-20,1.32814,1.33404,1.32684,1.33228
2024-09-22,1.33161,1.3323,1.33121,1.33122
2024-09-23,1.33119,1.33595,1.32486,1.33489
2024-09-24,1.33491,1.34276,1.3332,1.3427
2024-09-25,1.34271,1.34298,1.33126,1.33139
2024-09-26,1.33138,1.34343,1.33127,1.34108
2024-09-27,1.34107,1.34276,1.33601,1.33725
2024-09-29,1.33748,1.3384,1.33722,1.33828
2024-09-30,1.33827,1.34231,1.33501,1.33774
2024-10-01,1.33776,1.33898,1.32374,1.32743
2024-10-02,1.32744,1.33057,1.32459,1.3263
2024-10-03,1.32629,1.32651,1.30924,1.31288
2024-10-04,1.31287,1.3175,1.30699,1.31254
2024-10-06,1.31149,1.3125,1.31106,1.31232
2024-10-07,1.31231,1.31346,1.30593,1.30844
2024-10-08,1.30845,1.31134,1.30643,1.30932
2024-10-09,1.3093,1.31033,1.30558,1.30664
2024-10-10,1.30665,1.3094,1.3022,1.30614
2024-10-11,1.30613,1.30832,1.30419,1.30692
2024-10-13,1.30685,1.30688,1.30466,1.30486
2024-10-14,1.30484,1.30722,1.30302,1.30672
2024-10-15,1.30673,1.3103,1.30356,1.3065
2024-10-16,1.30649,1.30775,1.2977,1.29912
2024-10-17,1.29911,1.30234,1.2974,1.30148
2024-10-18,1.30147,1.30711,1.3011,1.30525
2024-10-20,1.30462,1.3058,1.3043,1.30521
2024-10-21,1.30522,1.30533,1.29773,1.29827
2024-10-22,1.29826,1.30152,1.29448,1.29811
2024-10-23,1.2981,1.2995,1.29074,1.29156
2024-10-24,1.29158,1.2988,1.29119,1.29717
2024-10-25,1.29718,1.29987,1.29561,1.29619
2024-10-27,1.29646,1.29693,1.29563,1.29575
2024-10-28,1.29574,1.30016,1.29397,1.29747
2024-10-29,1.29746,1.30171,1.29583,1.30113
2024-10-30,1.30111,1.30435,1.2937,1.29582
2024-10-31,1.29583,1.29998,1.28438,1.28971
2024-11-01,1.2897,1.29804,1.28847,1.29201
2024-11-03,1.29703,1.2971,1.29502,1.29527
2024-11-04,1.29526,1.29933,1.29344,1.2954
2024-11-05,1.29541,1.30479,1.29483,1.30427
2024-11-06,1.30428,1.30437,1.28344,1.28826
2024-11-07,1.28825,1.30093,1.2876,1.29831
2024-11-08,1.2983,1.29843,1.28836,1.29201
2024-11-10,1.29091,1.29178,1.29062,1.29156
2024-11-11,1.29153,1.2926,1.28561,1.28737
2024-11-12,1.28736,1.28737,1.27194,1.2737
2024-11-13,1.27372,1.27695,1.26866,1.27073
2024-11-14,1.27076,1.27202,1.26299,1.2667
2024-11-15,1.26671,1.26973,1.25974,1.26201
2024-11-17,1.26247,1.26247,1.26098,1.26193
2024-11-18,1.26194,1.26866,1.26133,1.26788
2024-11-19,1.26787,1.26942,1.26133,1.26942
2024-11-20,1.26943,1.27148,1.26311,1.26556
2024-11-21,1.26555,1.26603,1.25765,1.25849
2024-11-22,1.25848,1.25943,1.24873,1.25329
2024-11-24,1.25922,1.25973,1.25752,1.25932
2024-11-25,1.25929,1.26134,1.253,1.25324
2024-11-26,1.25323,1.26165,1.25073,1.25738
2024-11-27,1.25737,1.26945,1.25667,1.26772
2024-11-28,1.26773,1.26959,1.26452,1.26956
2024-11-29,1.26955,1.27501,1.26722,1.27369
2024-12-01,1.27296,1.27362,1.26962,1.27014
2024-12-02,1.27015,1.27227,1.26173,1.26587
2024-12-03,1.26586,1.26998,1.26369,1.26742
2024-12-04,1.26741,1.27216,1.26301,1.2701
2024-12-05,1.27011,1.27709,1.26931,1.27604
2024-12-06,1.27605,1.28112,1.27215,1.27412
2024-12-08,1.27373,1.27518,1.27371,1.27484
2024-12-09,1.27486,1.2799,1.27172,1.27486
2024-12-10,1.27487,1.27796,1.27241,1.27796
2024-12-11,1.27795,1.27818,1.27134,1.27653
2024-12-12,1.27654,1.27881,1.26666,1.26769
2024-12-13,1.2677,1.26794,1.26083,1.26207
2024-12-15,1.26158,1.26273,1.26115,1.26266
2024-12-16,1.26265,1.26988,1.26265,1.26901
2024-12-17,1.26902,1.27288,1.26661,1.27104
2024-12-18,1.27103,1.2727,1.25623,1.25673
2024-12-19,1.25674,1.2667,1.24951,1.24971
2024-12-20,1.24972,1.26142,1.2475,1.25682
2024-12-22,1.257,1.25744,1.25607,1.25703
2024-12-23,1.25704,1.25882,1.251,1.25328
2024-12-24,1.25329,1.25749,1.2519,1.25321
2024-12-25,1.25483,1.25511,1.25398,1.25435
2024-12-26,1.25434,1.25485,1.25013,1.25279
2024-12-27,1.25278,1.25927,1.25053,1.25764
2024-12-29,1.25783,1.25881,1.25666,1.2578
2024-12-30,1.25781,1.26074,1.25065,1.25483
2024-12-31,1.25482,1.25694,1.25056,1.25127
2025-01-01,1.25159,1.25199,1.25078,1.25198
2025-01-02,1.25197,1.25406,1.2353,1.23799
2025-01-03,1.23797,1.24342,1.23783,1.24222
2025-01-05,1.24178,1.2434,1.24166,1.24246
2025-01-06,1.24247,1.25511,1.24178,1.25099
2025-01-07,1.25101,1.25758,1.24729,1.24761
2025-01-08,1.24762,1.24942,1.23211,1.23585
2025-01-09,1.23586,1.23653,1.22386,1.22987
2025-01-10,1.2299,1.23219,1.21918,1.22084
2025-01-12,1.22017,1.22112,1.22004,1.22041
2025-01-13,1.22036,1.22504,1.20998,1.22318
2025-01-14,1.22316,1.22461,1.21394,1.22107
2025-01-15,1.22103,1.23065,1.21621,1.22426
2025-01-16,1.22427,1.22604,1.21751,1.22347
2025-01-17,1.22346,1.22445,1.2161,1.2168
2025-01-19,1.21762,1.21774,1.21607,1.2175
2025-01-20,1.21751,1.23447,1.21656,1.2332
2025-01-21,1.23323,1.23604,1.22295,1.23384
2025-01-22,1.233845,1.23761,1.23075,1.23137
2025-01-23,1.23138,1.23757,1.22935,1.23541
2025-01-24,1.2354,1.2502,1.23488,1.24822
2025-01-26,1.24706,1.24741,1.24565,1.24582
2025-01-27,1.24583,1.25232,1.24262,1.24512
2025-01-28,1.24514,1.24657,1.24146,1.24409
2025-01-29,1.24408,1.24633,1.23935,1.24548
2025-01-30,1.24546,1.24769,1.2408,1.24222
2025-01-31,1.24223,1.24718,1.23862,1.23933
2025-02-02,1.2296,1.23241,1.22832,1.22903
2025-02-03,1.22902,1.245515,1.22494,1.24334
2025-02-04,1.24335,1.24933,1.23792,1.24758
2025-02-05,1.24757,1.255,1.24636,1.25016
2025-02-06,1.25015,1.25096,1.23608,1.24344
2025-02-07,1.24345,1.24939,1.23765,1.24054
2025-02-09,1.23757,1.23948,1.23746,1.23895
2025-02-10,1.23896,1.24222,1.23546,1.23598
2025-02-11,1.23599,1.24549,1.23326,1.24515
2025-02-12,1.24518,1.24836,1.23779,1.24506
2025-02-13,1.24507,1.25702,1.24427,1.25647
2025-02-14,1.25649,1.26301,1.255,1.25862
2025-02-16,1.25911,1.25915,1.25785,1.25842
2025-02-17,1.25843,1.2635,1.25793,1.26209
2025-02-18,1.2621,1.2636,1.25825,1.26246
2025-02-19,1.26247,1.26381,1.25634,1.25832
2025-02-20,1.25833,1.26742,1.25806,1.26694
2025-02-21,1.26693,1.26788,1.2625,1.26334
2025-02-23,1.2637,1.2658,1.26342,1.26489
2025-02-24,1.2649,1.26907,1.2612,1.26173
2025-02-25,1.26172,1.2678,1.26061,1.26719
2025-02-26,1.2672,1.27159,1.26354,1.26806
2025-02-27,1.26807,1.26891,1.2595,1.25966
2025-02-28,1.25967,1.26207,1.25595,1.25782
2025-03-02,1.2585,1.26086,1.25817,1.26023
2025-03-03,1.26022,1.27248,1.25825,1.27018
2025-03-04,1.27019,1.27997,1.2679,1.27955
2025-03-05,1.27956,1.29009,1.27679,1.28899
2025-03-06,1.28898,1.29239,1.28663,1.28839
2025-03-07,1.28838,1.29447,1.28764,1.29212
2025-03-09,1.29201,1.29385,1.29079,1.2932
2025-03-10,1.29321,1.29466,1.28616,1.28753
2025-03-11,1.28754,1.29661,1.28734,1.2944
2025-03-12,1.29441,1.298945,1.29145,1.29645
2025-03-13,1.29644,1.29735,1.29211,1.29571
2025-03-14,1.2957,1.2959,1.29111,1.29347
2025-03-16,1.29282,1.2936,1.29256,1.29272
2025-03-17,1.29273,1.29988,1.29272,1.29841
2025-03-18,1.29842,1.30099,1.29517,1.30004
2025-03-19,1.30002,1.3012,1.29552,1.30103
2025-03-20,1.30104,1.30148,1.29363,1.29651
2025-03-21,1.29652,1.29706,1.28879,1.29171
2025-03-23,1.2901,1.29263,1.28985,1.29254
2025-03-24,1.29255,1.29742,1.28957,1.29231
2025-03-25,1.2923,1.29669,1.29021,1.29451
2025-03-26,1.2945,1.29463,1.28712,1.28773
2025-03-27,1.28772,1.29922,1.28765,1.29514
2025-03-28,1.29513,1.29684,1.29225,1.29421
2025-03-30,1.29425,1.29429,1.29223,1.29377
2025-03-31,1.29378,1.29727,1.28865,1.29196
2025-04-01,1.29198,1.29409,1.28794,1.29216
2025-04-02,1.29218,1.30524,1.29006,1.30455
2025-04-03,1.30453,1.32077,1.30261,1.30894
2025-04-04,1.30893,1.31139,1.28528,1.29007
2025-04-06,1.28476,1.2933,1.28213,1.29093
2025-04-07,1.29096,1.29341,1.27084,1.27331
2025-04-08,1.27332,1.28147,1.27247,1.27867
2025-04-09,1.27866,1.28642,1.27438,1.2825
2025-04-10,1.28251,1.29978,1.28224,1.29918
2025-04-11,1.29917,1.31453,1.29851,1.30845
2025-04-13,1.30941,1.31007,1.30637,1.30843
2025-04-14,1.30844,1.32012,1.30839,1.31727
2025-04-15,1.31726,1.32521,1.31645,1.32309
2025-04-16,1.3231,1.32922,1.32123,1.32328
2025-04-17,1.32329,1.32733,1.3203,1.32694
2025-04-18,1.32687,1.32993,1.32593,1.32946
2025-04-20,1.32759,1.33202,1.32752,1.33148
2025-04-21,1.33147,1.34221,1.33147,1.33798
2025-04-22,1.33799,1.34237,1.32342,1.32724
2025-04-23,1.32721,1.33391,1.32504,1.32649
2025-04-24,1.3265,1.33493,1.32589,1.33276
2025-04-25,1.33275,1.33325,1.32744,1.33114
2025-04-27,1.33068,1.33125,1.32884,1.32902
2025-04-28,1.32903,1.34444,1.32804,1.34351
2025-04-29,1.3435,1.34424,1.33806,1.34121
2025-04-30,1.3412,1.34147,1.33092,1.33212
2025-05-01,1.33211,1.33455,1.32605,1.32857
2025-05-02,1.32858,1.33308,1.32626,1.3272
2025-05-04,1.32636,1.32764,1.32601,1.32699
2025-05-05,1.327,1.33366,1.32619,1.32908
2025-05-06,1.32907,1.3403,1.32604,1.33523
2025-05-07,1.33522,1.33772,1.32802,1.32904
2025-05-08,1.32905,1.33565,1.32334,1.32395
2025-05-09,1.32394,1.33227,1.32122,1.33042
2025-05-11,1.32672,1.32954,1.32646,1.32851
2025-05-12,1.3285,1.32994,1.31399,1.31778
2025-05-13,1.31777,1.33164,1.31737,1.33039
2025-05-14,1.33037,1.33604,1.32535,1.32637
2025-05-15,1.32636,1.33198,1.32596,1.33035
2025-05-16,1.33032,1.33326,1.32508,1.32805
2025-05-18,1.32732,1.33052,1.32731,1.33052
2025-05-19,1.33057,1.3404,1.32907,1.33591
2025-05-20,1.3359,1.3398,1.3335,1.33972
2025-05-21,1.33974,1.3469,1.33887,1.34207
2025-05-22,1.34209,1.3441,1.33911,1.34198
2025-05-23,1.34196,1.35425,1.34186,1.35395
2025-05-25,1.35286,1.35425,1.35241,1.35382
2025-05-26,1.35381,1.35933,1.35363,1.35655
2025-05-27,1.35658,1.35869,1.35005,1.3514
2025-05-28,1.35139,1.35224,1.34156,1.34286
2025-05-29,1.34283,1.35073,1.3419,1.34993
2025-05-30,1.34991,1.3511,1.34482,1.34543
2025-06-01,1.34649,1.34737,1.3454,1.34685
2025-06-02,1.34686,1.35597,1.34679,1.35573
2025-06-03,1.35572,1.35578,1.3492,1.35307
2025-06-04,1.35308,1.358,1.35014,1.3551
2025-06-05,1.35514,1.36166,1.35408,1.35791
2025-06-06,1.3579,1.35848,1.35076,1.35269
2025-06-08,1.35325,1.35392,1.35252,1.35371
2025-06-09,1.35372,1.35814,1.35247,1.35545
2025-06-10,1.35546,1.35643,1.34563,1.35075
2025-06-11,1.35076,1.35729,1.34644,1.35679
2025-06-12,1.35683,1.36303,1.35229,1.36289
2025-06-13,1.36287,1.36325,1.35167,1.3574
2025-06-15,1.35686,1.35705,1.3541,1.35491
2025-06-16,1.35492,1.36223,1.35351,1.35684
2025-06-17,1.35685,1.35796,1.34155,1.34291
2025-06-18,1.34292,1.34766,1.34005,1.34144
2025-06-19,1.34143,1.34798,1.33832,1.34766
2025-06-20,1.34765,1.35112,1.34412,1.34501
2025-06-22,1.34065,1.34416,1.33996,1.34351
2025-06-23,1.34352,1.35549,1.33706,1.35455
2025-06-24,1.35454,1.36485,1.35357,1.36153
2025-06-25,1.36154,1.36918,1.35908,1.36901
2025-06-26,1.369,1.37707,1.36772,1.37252
2025-06-27,1.37253,1.37525,1.36831,1.37206
2025-06-29,1.37089,1.37286,1.37072,1.37188
2025-06-30,1.37187,1.37409,1.36744,1.37309
2025-07-01,1.3731,1.37887,1.3704,1.37459
2025-07-02,1.37458,1.37527,1.35629,1.36493
2025-07-03,1.36491,1.36758,1.35862,1.36658
2025-07-04,1.36657,1.36813,1.3635,1.36458
2025-07-06,1.36556,1.36643,1.36467,1.3651
2025-07-07,1.36511,1.36577,1.35754,1.3624
2025-07-08,1.36242,1.36466,1.35257,1.3585
2025-07-09,1.35849,1.36199,1.35644,1.35981
2025-07-10,1.35979,1.36196,1.35331,1.35804
2025-07-11,1.35805,1.35817,1.34813,1.34908
2025-07-13,1.34954,1.3497,1.34821,1.34956
2025-07-14,1.34954,1.35044,1.34215,1.3428
2025-07-15,1.34283,1.34678,1.3379,1.33932
2025-07-16,1.33933,1.34859,1.33651,1.34102
2025-07-17,1.34103,1.34348,1.33744,1.34313
2025-07-18,1.34315,1.34752,1.340615,1.341
2025-07-20,1.34143,1.34301,1.34083,1.34152
2025-07-21,1.34153,1.35106,1.34025,1.34894
2025-07-22,1.34896,1.35349,1.34621,1.35212
2025-07-23,1.35213,1.35873,1.35155,1.35789
2025-07-24,1.35788,1.35886,1.35032,1.35086
2025-07-25,1.35087,1.35124,1.34164,1.34372
2025-07-27,1.34309,1.34491,1.34297,1.34381
2025-07-28,1.34382,1.34527,1.33514,1.33597
2025-07-29,1.33598,1.33646,1.33078,1.33535
2025-07-30,1.33536,1.33858,1.32279,1.3256
2025-07-31,1.32559,1.32821,1.31859,1.3208
2025-08-01,1.32079,1.33107,1.31417,1.32789
2025-08-03,1.32851,1.32923,1.32736,1.32912
2025-08-04,1.32911,1.3331,1.32539,1.32979
2025-08-05,1.3298,1.33161,1.32599,1.32984
2025-08-06,1.32983,1.33683,1.32816,1.33577
2025-08-07,1.33575,1.34526,1.33459,1.34513
2025-08-08,1.34514,1.3459,1.34181,1.3452
2025-08-10,1.34501,1.3454,1.34392,1.34434
2025-08-11,1.34435,1.34769,1.33994,1.3434
2025-08-12,1.34338,1.35239,1.34204,1.35045
2025-08-13,1.35044,1.35854,1.34929,1.35854
2025-08-14,1.35853,1.35949,1.3521,1.35299
2025-08-15,1.353,1.35752,1.35273,1.35557
2025-08-17,1.35562,1.35672,1.3552,1.35563
2025-08-18,1.35562,1.35651,1.35017,1.35079
2025-08-19,1.35081,1.35312,1.34778,1.3485
2025-08-20,1.34851,1.35095,1.34474,1.3466
2025-08-21,1.34658,1.34827,1.34058,1.34181
2025-08-22,1.3418,1.35443,1.33907,1.35268
2025-08-24,1.3519,1.35308,1.35085,1.35088
2025-08-25,1.35089,1.35273,1.34462,1.34545
2025-08-26,1.34546,1.34934,1.34348,1.3477
2025-08-27,1.34769,1.3506,1.34168,1.35038
2025-08-28,1.35037,1.35308,1.34833,1.35083
2025-08-29,1.35084,1.35171,1.34464,1.35043
2025-08-31,1.34978,1.35092,1.34972,1.35034
2025-09-01,1.35033,1.35501,1.35026,1.35465
2025-09-02,1.35468,1.35485,1.33393,1.33816
2025-09-03,1.33817,1.34584,1.33336,1.34409
2025-09-04,1.34411,1.34594,1.34173,1.3444
2025-09-05,1.34441,1.35547,1.34421,1.35096
2025-09-07,1.35035,1.35104,1.34824,1.34927
2025-09-08,1.34928,1.35578,1.34836,1.35528
2025-09-09,1.35529,1.35905,1.35185,1.35207
2025-09-10,1.35205,1.356555,1.35134,1.35332
2025-09-11,1.35331,1.3583,1.34936,1.35742
2025-09-12,1.3574,1.35758,1.35242,1.35573
2025-09-14,1.35507,1.35676,1.35495,1.35528
2025-09-15,1.3553,1.36203,1.35489,1.36012
2025-09-16,1.36011,1.3672,1.35983,1.36527
2025-09-17,1.3653,1.37266,1.36197,1.36295
2025-09-18,1.36294,1.36608,1.35343,1.35549
2025-09-19,1.3555,1.35597,1.34634,1.34705
2025-09-21,1.3472,1.34732,1.34627,1.34629
2025-09-22,1.34628,1.35205,1.34533,1.35142
2025-09-23,1.35141,1.35366,1.34872,1.35243
2025-09-24,1.35244,1.35263,1.34267,1.34495
2025-09-25,1.34492,1.34672,1.33236,1.33354
2025-09-26,1.33353,1.34132,1.33297,1.34012
2025-09-28,1.33998,1.34112,1.3396,1.34076
2025-09-29,1.34075,1.34568,1.34068,1.34351
2025-09-30,1.34349,1.34673,1.34137,1.34427
2025-10-01,1.34425,1.35276,1.34352,1.34784
2025-10-02,1.34785,1.35104,1.3401,1.34464
2025-10-03,1.34463,1.34869,1.3429,1.34784
2025-10-05,1.34413,1.34541,1.34235,1.3432
2025-10-06,1.34322,1.34901,1.34166,1.34842
2025-10-07,1.34844,1.34847,1.33923,1.34204
2025-10-08,1.34205,1.34386,1.33713,1.34003
2025-10-09,1.34002,1.34192,1.32799,1.3303
2025-10-10,1.33028,1.33708,1.32616,1.33579
2025-10-12,1.33474,1.33543,1.3331,1.33358
2025-10-13,1.33357,1.33663,1.33151,1.33323
2025-10-14,1.33321,1.33525,1.32485,1.33219
2025-10-15,1.33215,1.34082,1.33202,1.34034
2025-10-16,1.34033,1.34547,1.34,1.3444
2025-10-17,1.34441,1.34715,1.3391,1.34251
2025-10-19,1.34325,1.3433,1.34236,1.3425
2025-10-20,1.34251,1.34432,1.34001,1.34045
2025-10-21,1.34043,1.34162,1.33612,1.33653
2025-10-22,1.33652,1.33871,1.33058,1.33508
2025-10-23,1.33507,1.33571,1.33082,1.33268
2025-10-24,1.33269,1.33659,1.32875,1.33112
2025-10-26,1.3325,1.3329,1.33181,1.33217
2025-10-27,1.33216,1.33531,1.33107,1.33405
2025-10-28,1.33406,1.33697,1.32473,1.32785
2025-10-29,1.32786,1.32806,1.31404,1.31948
2025-10-30,1.31947,1.32188,1.31168,1.31588
2025-10-31,1.31587,1.31648,1.30972,1.31489
2025-11-02,1.31324,1.31432,1.31314,1.3134
2025-11-03,1.31341,1.31623,1.31084,1.31346
2025-11-04,1.31345,1.31393,1.30103,1.30212
2025-11-05,1.30211,1.30543,1.30104,1.30522
2025-11-06,1.30521,1.31426,1.30506,1.31401
2025-11-07,1.31403,1.31749,1.3095,1.31643
2025-11-09,1.31595,1.31649,1.31403,1.31415
2025-11-10,1.31416,1.31912,1.31368,1.31721
2025-11-11,1.31722,1.31847,1.31166,1.31522
2025-11-12,1.31521,1.31555,1.30845,1.31279
2025-11-13,1.3128,1.3216,1.31008,1.31528
2025-11-14,1.31529,1.32006,1.31083,1.31744
2025-11-16,1.31613,1.31717,1.31563,1.31592
2025-11-17,1.31591,1.31932,1.31361,1.31554
2025-11-18,1.31553,1.31771,1.31339,1.31472
2025-11-19,1.31473,1.31552,1.30438,1.30601
2025-11-20,1.30602,1.31238,1.30381,1.30843
2025-11-21,1.30799,1.31096,1.30389,1.30973
2025-11-23,1.31024,1.31048,1.30917,1.30961
2025-11-24,1.30962,1.3118,1.30807,1.31059
2025-11-25,1.31058,1.32144,1.30958,1.31582
2025-11-26,1.31584,1.3249,1.31248,1.32448
2025-11-27,1.32445,1.32688,1.32101,1.32403
2025-11-28,1.32404,1.32547,1.31975,1.32329
2025-11-30,1.32235,1.32491,1.32235,1.32391
2025-12-01,1.32393,1.3276,1.32057,1.3209
2025-12-02,1.32091,1.32218,1.31797,1.322
2025-12-03,1.32201,1.335415,1.32176,1.33478
2025-12-04,1.33475,1.33855,1.33207,1.33222
2025-12-05,1.33223,1.33625,1.33164,1.33331
2025-12-07,1.3329,1.33342,1.33218,1.33258
2025-12-08,1.3326,1.33466,1.33058,1.33271
2025-12-09,1.3327,1.33562,1.32873,1.33029
2025-12-10,1.33031,1.33916,1.32962,1.33886
2025-12-11,1.33887,1.34383,1.33547,1.33933
2025-12-12,1.33934,1.33999,1.33424,1.33722
2025-12-14,1.33773,1.33779,1.336,1.33674
2025-12-15,1.33676,1.34017,1.3355,1.33791
2025-12-16,1.33792,1.34561,1.33554,1.34256
2025-12-17,1.34255,1.34269,1.33117,1.33738
2025-12-18,1.33737,1.34466,1.33411,1.33835
2025-12-19,1.33834,1.33942,1.33572,1.33757
2025-12-21,1.33817,1.3385,1.33743,1.33797
2025-12-22,1.338,1.34776,1.33793,1.3468
2025-12-23,1.34679,1.35243,1.34679,1.35132
2025-12-24,1.35133,1.35342,1.34922,1.35052
2025-12-25,1.35092,1.35121,1.35011,1.35083
2025-12-26,1.35082,1.35274,1.34774,1.35004
2025-12-28,1.34992,1.35042,1.34883,1.34971
2025-12-29,1.34972,1.35158,1.34693,1.35089
2025-12-30,1.35088,1.35309,1.34498,1.34665
2025-12-31,1.34666,1.34837,1.34018,1.34741
2026-01-01,1.34749,1.34749,1.34707,1.34741
2026-01-02,1.3474,1.35021,1.34343,1.346
2026-01-04,1.34545,1.34602,1.34375,1.34379
2026-01-05,1.34378,1.35482,1.34141,1.35326
2026-01-06,1.35325,1.35678,1.34921,1.34996
2026-01-07,1.34997,1.3517,1.34564,1.34585
2026-01-08,1.34584,1.34654,1.34159,1.3436
2026-01-09,1.34359,1.34511,1.33926,1.34035
2026-01-11,1.34016,1.3406,1.33925,1.33938
2026-01-12,1.33937,1.34859,1.33908,1.34661
2026-01-13,1.3466,1.34946,1.34205,1.34258
2026-01-14,1.34257,1.34642,1.34199,1.34401
2026-01-15,1.344,1.34454,1.33629,1.33812
2026-01-16,1.33811,1.34132,1.33664,1.33785
2026-01-18,1.33547,1.34072,1.33428,1.34022
2026-01-19,1.34021,1.34354,1.33815,1.34191
2026-01-20,1.34192,1.34917,1.34101,1.34405
2026-01-21,1.34403,1.34593,1.34015,1.3418
2026-01-22,1.34181,1.35089,1.34015,1.34996
2026-01-23,1.34995,1.36459,1.34826,1.36424
2026-01-25,1.36647,1.36819,1.36549,1.36647
2026-01-26,1.36648,1.37132,1.36431,1.3675
2026-01-27,1.36749,1.38698,1.36641,1.38268
2026-01-28,1.38269,1.38313,1.37498,1.38273
2026-01-29,1.38271,1.38481,1.37425,1.38082
2026-01-30,1.38083,1.38144,1.36795,1.36847
2026-02-01,1.36899,1.36981,1.36624,1.36762
2026-02-02,1.36763,1.37153,1.36232,1.36731
2026-02-03,1.3673,1.37074,1.36507,1.36972
2026-02-04,1.36971,1.37333,1.36425,1.36461
2026-02-05,1.36462,1.3654,1.35177,1.35212
2026-02-06,1.35213,1.36234,1.35086,1.36106
2026-02-08,1.35977,1.36118,1.35882,1.36099
2026-02-09,1.361,1.37004,1.35867,1.36827
2026-02-10,1.36826,1.36968,1.36317,1.36329
2026-02-11,1.36328,1.37125,1.36097,1.3623
2026-02-12,1.36231,1.36716,1.36047,1.36187
2026-02-13,1.36186,1.36601,1.35913,1.36553
2026-02-15,1.36484,1.36518,1.36431,1.36473
2026-02-16,1.36472,1.36621,1.362295,1.36273
2026-02-17,1.362735,1.362935,1.349585,1.356305
2026-02-18,1.356315,1.358215,1.34906,1.34951
2026-02-19,1.349515,1.351695,1.34341,1.346
2026-02-20,1.346005,1.351515,1.343505,1.347975
2026-02-22,1.349055,1.353355,1.348245,1.35324
2026-02-23,1.35326,1.353515,1.347585,1.349585
2026-02-24,1.34958,1.353655,1.347015,1.349575
2026-02-25,1.34958,1.35661,1.349125,1.355765
2026-02-26,1.355775,1.357535,1.344545,1.349155
2026-02-27,1.34916,1.350815,1.343985,1.348795
2026-03-01,1.340815,1.343605,1.340265,1.34053
2026-03-02,1.340515,1.345605,1.33145,1.340835
2026-03-03,1.34083,1.342525,1.325315,1.33515
2026-03-04,1.33518,1.340345,1.330355,1.336935
2026-03-05,1.33693,1.33872,1.329755,1.335595
2026-03-06,1.335605,1.341195,1.331165,1.341145
2026-03-08,1.333935,1.335665,1.330015,1.330525
2026-03-09,1.33053,1.344885,1.328305,1.342415
2026-03-10,1.342395,1.348345,1.341135,1.341965
2026-03-11,1.341975,1.34576,1.337625,1.33825
2026-03-12,1.338245,1.340975,1.333815,1.33518
2026-03-13,1.33517,1.33697,1.32188,1.32204
2026-03-15,1.32409,1.32484,1.32256,1.32466
2026-03-16,1.32465,1.33398,1.32306,1.33128
2026-03-17,1.33127,1.33647,1.32737,1.33577
2026-03-18,1.33579,1.33747,1.32513,1.32644
2026-03-19,1.32645,1.34674,1.32462,1.34245
2026-03-20,1.34246,1.34368,1.32989,1.33399
2026-03-22,1.33115,1.33355,1.3304,1.33346
2026-03-23,1.33347,1.34794,1.32571,1.3426
2026-03-24,1.34259,1.34458,1.33523,1.34153
2026-03-25,1.34155,1.34362,1.33583,1.33634
2026-03-26,1.33631,1.33784,1.33104,1.33348
2026-03-27,1.33347,1.33475,1.32602,1.32622
2026-03-29,1.32616,1.32712,1.32341,1.32379
2026-03-30,1.32381,1.32826,1.31693,1.31724
2026-03-31,1.31723,1.32244,1.31595,1.32007
